,id,satisfaction_level
0,4615,0.7535652
1,1680,0.106841415
2,8866,0.43634605
3,7525,0.6160913
4,5389,0.71087927
5,3221,0.7025442
6,10553,0.649815
7,4069,0.69893074
8,3076,0.7263701
9,12516,0.10671887
10,2936,0.7443777
11,1817,0.41156435
12,6494,0.71644044
13,3332,0.6641189
14,3866,0.78550744
15,8812,0.5405025
16,13538,0.7030585
17,12066,0.40360248
18,6485,0.6945464
19,4192,0.549745
20,1733,0.41156435
21,6606,0.710152
22,4396,0.73102766
23,11758,0.5524344
24,14528,0.41359746
25,246,0.4104361
26,9224,0.78892255
27,13117,0.7301896
28,10546,0.13384497
29,3343,0.72787976
30,3937,0.7292094
31,10597,0.549745
32,4060,0.73168993
33,2795,0.7210621
34,6618,0.7121077
35,2306,0.6099099
36,10466,0.69035757
37,3777,0.702304
38,10534,0.75912285
39,733,0.41009074
40,9343,0.7097325
41,3470,0.56909764
42,6382,0.699561
43,4696,0.71452844
44,11009,0.8220952
45,11625,0.6669121
46,2978,0.7701666
47,7911,0.7157312
48,1826,0.108727425
49,3798,0.7164817
50,7320,0.62578815
51,12357,0.41325212
52,3165,0.6954221
53,3334,0.6965005
54,1848,0.71875805
55,14695,0.42376155
56,3995,0.48748907
57,8294,0.6214554
58,10297,0.7172409
59,11065,0.549745
60,1345,0.64622414
61,847,0.7279961
62,3288,0.73572195
63,12367,0.42376155
64,5239,0.6130689
65,3818,0.43021622
66,9414,0.6671712
67,5959,0.650552
68,13861,0.7263701
69,9163,0.72950584
70,1446,0.40858883
71,7135,0.5524344
72,6176,0.48748907
73,1690,0.67820454
74,8590,0.6096184
75,617,0.814294
76,6171,0.70936954
77,8177,0.13384497
78,926,0.79928863
79,5031,0.5771272
80,8163,0.73102766
81,9700,0.6793803
82,3509,0.6802174
83,14411,0.71875805
84,7484,0.71087927
85,196,0.43021622
86,11812,0.7303439
87,753,0.41009074
88,6507,0.72037834
89,12708,0.106841415
90,6674,0.71966803
91,4205,0.714101
92,13482,0.549745
93,13122,0.58087957
94,7021,0.7146153
95,10762,0.79473186
96,14701,0.48748907
97,14700,0.68251693
98,11813,0.6864393
99,6988,0.69403213
100,4918,0.72224313
101,8916,0.7286799
102,8027,0.549745
103,11312,0.7557767
104,3294,0.6763803
105,8824,0.7289718
106,1297,0.41325212
107,12555,0.10671887
108,10220,0.73037225
109,3763,0.7520331
110,3160,0.5405025
111,13786,0.55741125
112,12334,0.106841415
113,5421,0.6942763
114,5902,0.710152
115,12768,0.104948014
116,3533,0.61346996
117,14206,0.8160743
118,8328,0.73822427
119,10362,0.74550426
120,9863,0.73196006
121,3676,0.41147923
122,3803,0.7596696
123,9191,0.60152185
124,3423,0.48005906
125,9839,0.48748907
126,6180,0.5429994
127,1698,0.106841415
128,3469,0.739812
129,6699,0.6836597
130,12724,0.41325212
131,12058,0.41156435
132,11641,0.5329456
133,14134,0.7129929
134,8922,0.73747027
135,4765,0.7406165
136,1310,0.77955294
137,4947,0.6954657
138,8287,0.4485432
139,11482,0.728704
140,6314,0.71742356
141,6393,0.71833295
142,8149,0.6099099
143,4800,0.72950584
144,13784,0.46289432
145,6514,0.7568687
146,7431,0.64409065
147,2983,0.6671712
148,3475,0.69403213
149,6820,0.7287178
150,5873,0.7407243
151,12990,0.7210621
152,2500,0.5240159
153,8766,0.7341342
154,12981,0.70936954
155,5438,0.712189
156,13857,0.7001605
157,11264,0.62956256
158,3201,0.7301896
159,2627,0.5708985
160,165,0.106841415
161,10858,0.6763803
162,3022,0.685925
163,6155,0.44420138
164,14965,0.41190973
165,14748,0.42376155
166,1449,0.41325212
167,14587,0.42428368
168,5646,0.6738558
169,4509,0.6214554
170,1551,0.41009074
171,12493,0.106841415
172,9665,0.7286799
173,2639,0.76305735
174,3752,0.6160913
175,5196,0.70936954
176,762,0.42376155
177,12500,0.78245723
178,8273,0.5356349
179,7835,0.7597213
180,5625,0.7279961
181,14136,0.6586591
182,12635,0.40858883
183,6283,0.71873844
184,2867,0.7279961
185,12253,0.84326816
186,2182,0.51410884
187,9915,0.36519772
188,10679,0.7263701
189,3286,0.71175325
190,1876,0.10671887
191,12101,0.42376155
192,11921,0.62956256
193,7454,0.68132484
194,8018,0.6705876
195,14733,0.104948014
196,10943,0.7263701
197,14838,0.41359746
198,11834,0.62956256
199,5375,0.7097325
200,10953,0.7157312
201,2834,0.36896616
202,9185,0.75912285
203,8510,0.73408246
204,14291,0.41325212
205,10431,0.6214554
206,13632,0.71336806
207,1477,0.41359746
208,10944,0.7157312
209,5381,0.74550426
210,12532,0.108727425
211,5227,0.6763803
212,14711,0.78245723
213,6150,0.7263701
214,14214,0.81051266
215,2760,0.6429465
216,7110,0.6793803
217,11160,0.717161
218,7333,0.6909044
219,10368,0.7286799
220,5101,0.69399273
221,3773,0.7157312
222,8239,0.7519954
223,5174,0.7341342
224,11964,0.7286799
225,6764,0.77323145
226,7893,0.6214554
227,1053,0.13384497
228,1299,0.76271164
229,5366,0.650552
230,4008,0.7359144
231,10479,0.6214554
232,1946,0.41325212
233,10376,0.71336806
234,6140,0.7279961
235,5412,0.26260304
236,4083,0.55613947
237,13617,0.6824757
238,9464,0.72786593
239,9279,0.7156024
240,14520,0.104948014
241,4783,0.64419895
242,13635,0.73822427
243,6458,0.7109891
244,6454,0.7098053
245,1514,0.7263701
246,1437,0.41009074
247,14762,0.81786215
248,6269,0.69733953
249,9295,0.5544071
250,11419,0.714101
251,6572,0.42376155
252,5785,0.56909764
253,11293,0.67820454
254,12259,0.10671887
255,12788,0.7421162
256,12482,0.7443777
257,12535,0.41009074
258,2431,0.6189054
259,4288,0.73102766
260,6115,0.73877966
261,4768,0.6793803
262,1779,0.40858883
263,3356,0.7156024
264,6023,0.5329456
265,9662,0.5329456
266,6271,0.56909764
267,10763,0.549745
268,5884,0.72037834
269,5020,0.7994024
270,5175,0.64409447
271,14693,0.7443777
272,819,0.41009074
273,11983,0.7308875
274,5216,0.6831465
275,14778,0.104948014
276,10016,0.6763803
277,10447,0.8626924
278,3062,0.73102766
279,12391,0.42376155
280,8609,0.6973475
281,3897,0.7280624
282,14590,0.7356161
283,12511,0.549745
284,5592,0.7308875
285,10348,0.43803373
286,9286,0.6945464
287,2063,0.7112697
288,8955,0.7520331
289,10666,0.66841227
290,10716,0.84440863
291,5268,0.72950584
292,6653,0.75434303
293,12837,0.37817582
294,12077,0.41325212
295,10381,0.5405025
296,14160,0.5524344
297,3629,0.40858883
298,11245,0.7279961
299,690,0.41325212
300,2147,0.71336806
301,12298,0.41009074
302,6251,0.73512363
303,524,0.808806
304,13762,0.67413044
305,2719,0.7279961
306,14389,0.41009074
307,222,0.40858883
308,11102,0.7123617
309,7451,0.71873844
310,6146,0.5329456
311,8610,0.7279961
312,4371,0.56909764
313,355,0.42376155
314,12060,0.7747412
315,3048,0.549745
316,10233,0.7280338
317,14189,0.714101
318,13574,0.55613947
319,14299,0.41156435
320,4499,0.5356349
321,7470,0.6763803
322,13269,0.710152
323,3824,0.67654574
324,822,0.41009074
325,198,0.104948014
326,12742,0.41156435
327,6526,0.7526442
328,13859,0.4720994
329,3890,0.5329456
330,1401,0.106841415
331,1302,0.106841415
332,7639,0.72568274
333,10182,0.5329456
334,8220,0.717161
335,9040,0.73417825
336,4853,0.6916484
337,8896,0.7289718
338,4440,0.48748907
339,3150,0.71171725
340,14989,0.41156435
341,14886,0.40858883
342,8178,0.6586591
343,6016,0.5329456
344,3249,0.5520683
345,6740,0.7286799
346,2811,0.69248235
347,2852,0.7041355
348,14479,0.40858883
349,12453,0.42376155
350,12382,0.41156435
351,2512,0.68502855
352,12471,0.42376155
353,9259,0.7088963
354,2823,0.6742462
355,3924,0.72787976
356,9208,0.7701666
357,12538,0.84159696
358,14372,0.8735412
359,9879,0.6429465
360,8636,0.7568687
361,11206,0.5524344
362,9269,0.75180614
363,13485,0.55098873
364,1256,0.4104361
365,14499,0.81538606
366,9659,0.69528306
367,227,0.41325212
368,7163,0.7479039
369,3860,0.549745
370,2057,0.7301896
371,13878,0.7286799
372,11310,0.6908563
373,11835,0.4485432
374,2716,0.7317726
375,13171,0.73652554
376,11789,0.73663855
377,14667,0.7747412
378,6632,0.6763803
379,1056,0.41325212
380,2289,0.5732508
381,10089,0.70652217
382,4268,0.7568687
383,11656,0.74550426
384,1753,0.8287966
385,11979,0.6586591
386,6033,0.49935
387,3224,0.7747412
388,2206,0.5169994
389,3867,0.7030585
390,7988,0.6916484
391,1231,0.106841415
392,11866,0.713263
393,11,0.106841415
394,8105,0.75912285
395,13706,0.573871
396,1224,0.106841415
397,878,0.40858883
398,9819,0.713263
399,10879,0.7279961
400,7433,0.3621835
401,3482,0.7421162
402,12162,0.42376155
403,3663,0.56606954
404,7306,0.7041355
405,3704,0.5329456
406,8043,0.549745
407,13146,0.6765593
408,5061,0.71087927
409,7633,0.7279961
410,5978,0.7054239
411,14716,0.106834024
412,7571,0.6888138
413,14603,0.8735412
414,2355,0.7520331
415,9540,0.70936954
416,6794,0.7568687
417,13385,0.41733068
418,13276,0.5524344
419,14255,0.106841415
420,14938,0.7535051
421,5371,0.61600745
422,7314,0.7138691
423,6562,0.68114847
424,1008,0.70936954
425,11914,0.7001605
426,1575,0.6807203
427,683,0.64206314
428,4412,0.67732227
429,10519,0.7427141
430,14718,0.40858883
431,3198,0.7155931
432,10976,0.71175325
433,7782,0.41325212
434,2034,0.7183776
435,13923,0.7421162
436,12666,0.4424293
437,14141,0.549745
438,5014,0.6942763
439,8518,0.7421162
440,11889,0.6705932
441,36,0.41156435
442,11150,0.5405025
443,8599,0.6130689
444,856,0.106841415
445,7467,0.68055314
446,1974,0.41156435
447,8732,0.71175325
448,12914,0.60110104
449,442,0.808806
450,8470,0.73102766
451,10418,0.710152
452,6689,0.73168993
453,14498,0.106841415
454,3608,0.7443777
455,4075,0.68251693
456,7739,0.69248235
457,11079,0.650552
458,13019,0.5708985
459,11120,0.45600262
460,1699,0.40858883
461,6678,0.72950584
462,6470,0.557302
463,1368,0.40858883
464,3679,0.7286799
465,2351,0.7117833
466,7803,0.48005906
467,12046,0.41325212
468,12295,0.41325212
469,3882,0.71718085
470,325,0.40858883
471,1204,0.41156435
472,7906,0.71175325
473,4005,0.7065486
474,12614,0.104948014
475,657,0.42376155
476,4125,0.7252755
477,2348,0.72950584
478,13738,0.6586591
479,1289,0.41156435
480,9635,0.6909044
481,10526,0.64206314
482,9654,0.69778323
483,703,0.41325212
484,14401,0.104948014
485,1676,0.106841415
486,3328,0.7171472
487,8805,0.7025442
488,5849,0.57118165
489,7521,0.72118545
490,5739,0.728704
491,3896,0.70652217
492,13662,0.7301896
493,3029,0.73128164
494,4346,0.549745
495,6201,0.7122675
496,14796,0.41009074
497,83,0.7279961
498,1082,0.73165226
499,9039,0.39341643
500,14197,0.5524344
501,12055,0.41009074
502,6331,0.549745
503,7254,0.6978645
504,12851,0.70181245
505,12495,0.8367325
506,9287,0.7160608
507,7615,0.56909764
508,5550,0.5015373
509,7886,0.69403213
510,14786,0.41009074
511,11216,0.6180108
512,2365,0.6973475
513,852,0.7279961
514,5809,0.7478141
515,1486,0.104948014
516,5580,0.73512363
517,13730,0.67413044
518,9074,0.7535051
519,6711,0.71175325
520,1945,0.66817284
521,319,0.40858883
522,12057,0.106841415
523,13282,0.69248235
524,7858,0.72568274
525,5052,0.710152
526,12280,0.104948014
527,11318,0.7221556
528,5772,0.48973754
529,1251,0.40529022
530,4781,0.70936954
531,439,0.41156435
532,10193,0.62956256
533,714,0.40858883
534,6739,0.7279961
535,1643,0.104948014
536,11797,0.7342733
537,4715,0.73165226
538,7442,0.5074446
539,2116,0.6432565
540,9758,0.7900197
541,6979,0.7280338
542,13070,0.7021421
543,2871,0.7279961
544,7244,0.16892031
545,1380,0.7519954
546,10493,0.71452844
547,11655,0.71833295
548,13483,0.549745
549,880,0.69315577
550,1041,0.821229
551,1840,0.104948014
552,9137,0.68859446
553,6790,0.73165226
554,7344,0.55098873
555,1167,0.40858883
556,204,0.7535051
557,8551,0.70773375
558,6384,0.4485432
559,3821,0.573871
560,10889,0.69403213
561,14164,0.6096184
562,7480,0.6410269
563,14713,0.104948014
564,11401,0.7535652
565,10909,0.71336806
566,11653,0.75515294
567,11210,0.5329456
568,309,0.10671887
569,401,0.80289495
570,13596,0.70936954
571,14433,0.40858883
572,3031,0.7157312
573,4467,0.71171725
574,4518,0.70773375
575,2971,0.7279961
576,3983,0.69403213
577,11094,0.7285037
578,2296,0.549745
579,10276,0.7484778
580,13466,0.77557915
581,2671,0.73512363
582,2736,0.573871
583,10718,0.6996266
584,5136,0.607751
585,9019,0.5329456
586,8850,0.713263
587,2488,0.7019278
588,4650,0.7303439
589,3155,0.718079
590,5401,0.549745
591,12558,0.41156435
592,4548,0.7156024
593,3447,0.7121077
594,11397,0.73747027
595,13199,0.70773375
596,10132,0.549745
597,5734,0.71644044
598,7331,0.66625977
599,13726,0.70422965
600,7114,0.75515294
601,12565,0.42376155
602,11698,0.709551
603,5545,0.650552
604,14576,0.78351694
605,328,0.106841415
606,2847,0.7157312
607,14545,0.106841415
608,13775,0.6916484
609,9837,0.76741695
610,13102,0.7286799
611,13639,0.69403213
612,2800,0.71095204
613,7932,0.73128164
614,7897,0.7512554
615,13834,0.5329456
616,8856,0.6130689
617,4873,0.6399216
618,73,0.104948014
619,2394,0.7610127
620,13548,0.549745
621,7414,0.48748907
622,4142,0.6214554
623,66,0.40360248
624,4165,0.71175325
625,665,0.81286037
626,830,0.80089635
627,3258,0.72272784
628,2799,0.6945464
629,10120,0.7141488
630,7852,0.6189054
631,1405,0.41325212
632,2438,0.7210621
633,1951,0.57239676
634,6659,0.42653495
635,1880,0.8113933
636,14754,0.77955294
637,6167,0.76271164
638,11969,0.6943563
639,12814,0.71380806
640,7489,0.7041355
641,13402,0.7301896
642,7695,0.71175325
643,10709,0.7263701
644,9327,0.6762395
645,5312,0.7172409
646,6371,0.73822427
647,12595,0.3844115
648,4404,0.7081134
649,5643,0.7270185
650,1306,0.104948014
651,5036,0.69316614
652,10457,0.73399997
653,2338,0.7519954
654,4827,0.76142657
655,9512,0.64999247
656,9842,0.5329456
657,10329,0.67962635
658,7711,0.7596696
659,6300,0.71175325
660,6884,0.48748907
661,11420,0.63800454
662,2740,0.4052344
663,3916,0.79473186
664,5872,0.6793167
665,562,0.40529022
666,14330,0.4104361
667,352,0.7519954
668,6682,0.549745
669,5957,0.7298753
670,10614,0.72787976
671,11621,0.710152
672,12010,0.41156435
673,12792,0.73431486
674,11182,0.7285037
675,6460,0.68055314
676,12652,0.106841415
677,11984,0.6855428
678,4511,0.71175325
679,12872,0.6247199
680,6383,0.5329456
681,2996,0.65478224
682,8146,0.751117
683,5517,0.70936954
684,13442,0.5524344
685,778,0.104948014
686,2902,0.75434303
687,8952,0.70698434
688,11515,0.73373127
689,11062,0.6399216
690,4195,0.7286799
691,7301,0.6421825
692,10258,0.55098873
693,3541,0.72113377
694,7963,0.42410693
695,9497,0.5329456
696,6039,0.549745
697,8717,0.4741271
698,7979,0.52039653
699,12884,0.5383055
700,14759,0.6930708
701,14187,0.69977987
702,5265,0.72950584
703,814,0.106841415
704,5940,0.7105533
705,5272,0.7054239
706,14896,0.8121314
707,7611,0.5912621
708,14850,0.40858883
709,6366,0.67654574
710,4243,0.43803373
711,9144,0.72118545
712,1903,0.79473186
713,1199,0.5405025
714,4578,0.71720755
715,12636,0.40858883
716,13271,0.7065486
717,13401,0.5715707
718,12475,0.41325212
719,9423,0.7263701
720,13710,0.7279961
721,7962,0.7122675
722,9932,0.31975496
723,11876,0.5452133
724,5189,0.7331619
725,11493,0.71175325
726,9076,0.70936954
727,5740,0.7308875
728,7094,0.7286799
729,7753,0.6709938
730,12923,0.73102766
731,8215,0.7156024
732,1644,0.8704592
733,14824,0.81786215
734,7535,0.7157312
735,5984,0.71171725
736,1121,0.41325212
737,3230,0.48005906
738,4226,0.73822427
739,9703,0.549745
740,6261,0.77719545
741,4017,0.7512554
742,2231,0.6214554
743,1655,0.106841415
744,11098,0.73932636
745,13335,0.42376155
746,8442,0.71644336
747,8540,0.713263
748,4539,0.69403213
749,13927,0.70541006
750,1365,0.106841415
751,5075,0.57239676
752,9498,0.60152185
753,12262,0.42376155
754,10581,0.7270185
755,2943,0.7535051
756,7716,0.712877
757,6262,0.73747027
758,3801,0.5356349
759,6986,0.5477404
760,465,0.41009074
761,3238,0.7331619
762,4291,0.75434303
763,13559,0.6941267
764,11867,0.7098053
765,6768,0.72786593
766,12312,0.41325212
767,10965,0.6214554
768,1175,0.37817582
769,8012,0.73102766
770,13633,0.67538726
771,14406,0.10671887
772,5948,0.7088963
773,7367,0.646391
774,3015,0.5329456
775,5026,0.6797151
776,8219,0.685925
777,6071,0.6835413
778,5926,0.5356349
779,11518,0.6851552
780,4091,0.71175325
781,13059,0.64070815
782,8775,0.69027525
783,10396,0.69613844
784,8268,0.71873844
785,651,0.104948014
786,1856,0.104948014
787,7430,0.4104361
788,13805,0.68882746
789,498,0.41325212
790,12836,0.64689803
791,8927,0.7041355
792,10359,0.7287178
793,6887,0.34138867
794,7210,0.48748907
795,2537,0.6807203
796,7104,0.7088963
797,12299,0.7652918
798,5588,0.6586591
799,11696,0.69613844
800,419,0.7781663
801,3231,0.7398676
802,14007,0.7009247
803,124,0.41009074
804,5156,0.5015373
805,2560,0.69163734
806,8353,0.7286799
807,396,0.41325212
808,1412,0.41156435
809,4471,0.7099586
810,14315,0.42376155
811,1668,0.7821699
812,11023,0.71930873
813,4417,0.73128164
814,9168,0.6198033
815,10609,0.7994024
816,12674,0.41009074
817,2091,0.43487242
818,8743,0.63312525
819,8198,0.6214554
820,3375,0.6797151
821,1886,0.104948014
822,11908,0.5329456
823,2596,0.7443777
824,10689,0.7060471
825,7016,0.5126401
826,8726,0.7122675
827,10,0.41009074
828,8521,0.7157312
829,14801,0.41325212
830,10354,0.646391
831,7342,0.6763803
832,6056,0.549745
833,3424,0.75896305
834,9082,0.73937804
835,12432,0.41325212
836,10393,0.73663855
837,6992,0.73512363
838,4536,0.43803373
839,14427,0.41009074
840,12398,0.76170874
841,8253,0.5524344
842,13636,0.7535051
843,92,0.40858883
844,1360,0.13798755
845,4834,0.7286799
846,537,0.42376155
847,65,0.5153075
848,12934,0.7301896
849,6233,0.73102766
850,10618,0.69403213
851,8341,0.73102766
852,6431,0.650552
853,11369,0.75912285
854,12622,0.549745
855,13686,0.712877
856,11122,0.67962635
857,1182,0.79718614
858,3947,0.7164816
859,2455,0.71175325
860,11027,0.718079
861,2326,0.72950584
862,14374,0.77955294
863,8525,0.42376155
864,13031,0.7208515
865,28,0.41359746
866,8835,0.650552
867,6556,0.6099099
868,14611,0.81786215
869,11100,0.7275584
870,14006,0.75756687
871,9745,0.7356965
872,5989,0.557302
873,2318,0.7229748
874,6468,0.7301896
875,8004,0.7301233
876,10987,0.73102766
877,1736,0.104948014
878,12024,0.41009074
879,12897,0.71087927
880,10520,0.7164816
881,766,0.6160913
882,14752,0.7301896
883,727,0.45610014
884,557,0.42376155
885,2932,0.5329456
886,12534,0.73165226
887,7191,0.646391
888,193,0.106834024
889,3841,0.7005509
890,4039,0.56922853
891,11214,0.6497471
892,10677,0.42410693
893,5074,0.5329456
894,11331,0.73165226
895,7609,0.73747027
896,5313,0.7359026
897,1510,0.84159696
898,11037,0.70539004
899,13398,0.6793803
900,2170,0.6916484
901,12624,0.41156435
902,9268,0.45610014
903,13162,0.5789709
904,4402,0.73512363
905,4038,0.68132484
906,13869,0.5329456
907,4071,0.714101
908,1821,0.104948014
909,848,0.106841415
910,7740,0.7279961
911,13186,0.7279961
912,496,0.106834024
913,13879,0.685925
914,3383,0.74622405
915,1541,0.5329456
916,13033,0.7423465
917,4972,0.69301176
918,74,0.106841415
919,1564,0.7263701
920,3018,0.7520331
921,11618,0.77959067
922,11959,0.6673583
923,5051,0.69027525
924,4362,0.73399997
925,6814,0.70652217
926,12861,0.7286799
927,10684,0.60862136
928,12260,0.41009074
929,7565,0.6822783
930,9130,0.75912285
931,7267,0.557302
932,7243,0.7758527
933,3884,0.5844153
934,2652,0.6904137
935,14537,0.41325212
936,11708,0.549745
937,7091,0.6797151
938,9741,0.68882746
939,806,0.40858883
940,7332,0.7286799
941,10777,0.43808004
942,5789,0.650552
943,8241,0.56922853
944,9416,0.6916484
945,9309,0.70975995
946,226,0.41009074
947,8508,0.7568687
948,11609,0.7133881
949,4585,0.7172409
950,5178,0.72568274
951,4954,0.7157312
952,2598,0.549745
953,14024,0.6864393
954,8059,0.549745
955,11144,0.714101
956,1013,0.106841415
957,9107,0.712189
958,6376,0.7308875
959,1791,0.106841415
960,9850,0.7029108
961,2765,0.7286799
962,4640,0.63807464
963,9244,0.40858883
964,13252,0.7019004
965,14539,0.106841415
966,3530,0.70077765
967,6162,0.6180108
968,4821,0.74550426
969,6521,0.70936954
970,6081,0.5708985
971,9709,0.7157312
972,6361,0.7301896
973,334,0.106841415
974,2268,0.39116466
975,12408,0.81669474
976,2801,0.650552
977,2235,0.44390294
978,8860,0.78550744
979,11666,0.7635706
980,12040,0.7279961
981,11732,0.549745
982,9342,0.7122675
983,2128,0.79178894
984,3761,0.6822783
985,3832,0.68251693
986,522,0.106841415
987,14794,0.41325212
988,1813,0.106841415
989,13647,0.7286799
990,10848,0.5946874
991,743,0.106841415
992,10788,0.7286799
993,5674,0.6959932
994,14647,0.10860488
995,110,0.40858883
996,4913,0.72950584
997,4550,0.557302
998,4872,0.7156024
999,1612,0.70773375
1000,9752,0.7286799
1001,11177,0.71742356
1002,14953,0.41190973
1003,2890,0.714101
1004,697,0.106841415
1005,10399,0.69841486
1006,90,0.40858883
1007,14705,0.7875699
1008,9725,0.71718085
1009,4085,0.71452844
1010,857,0.106841415
1011,3855,0.7122675
1012,13081,0.7116857
1013,3552,0.71833295
1014,8877,0.6399216
1015,14573,0.41325212
1016,5943,0.70698434
1017,3723,0.549745
1018,12883,0.6875437
1019,634,0.7519954
1020,14622,0.84159696
1021,8413,0.67654574
1022,12698,0.40858883
1023,13044,0.73652554
1024,13038,0.75546247
1025,12830,0.402193
1026,2151,0.56909764
1027,7219,0.7512554
1028,9021,0.4381539
1029,9150,0.7444999
1030,3886,0.6214554
1031,5669,0.7332269
1032,5368,0.7303439
1033,5678,0.5329456
1034,6029,0.7484778
1035,68,0.8065185
1036,5686,0.7407243
1037,14685,0.8220952
1038,14887,0.41325212
1039,6920,0.7213661
1040,2181,0.73102766
1041,7214,0.6879251
1042,6422,0.70541006
1043,3282,0.66951334
1044,5090,0.7279961
1045,6710,0.72787976
1046,4055,0.71175325
1047,11570,0.7331619
1048,14568,0.41325212
1049,11390,0.75756687
1050,10735,0.6916484
1051,7813,0.73102766
1052,10446,0.71947086
1053,8994,0.650552
1054,13425,0.7299719
1055,8529,0.62956256
1056,9919,0.7041355
1057,7362,0.32333446
1058,4176,0.7286063
1059,3117,0.73102766
1060,13130,0.5329456
1061,2557,0.75351804
1062,13646,0.7157312
1063,10260,0.7519954
1064,1124,0.41009074
1065,3944,0.610572
1066,12250,0.7519954
1067,14061,0.7122675
1068,7894,0.7308875
1069,5082,0.5329456
1070,1198,0.106841415
1071,11999,0.7421162
1072,10912,0.71644044
1073,7027,0.7286799
1074,2919,0.70936954
1075,231,0.8024057
1076,4289,0.4485432
1077,11857,0.67566204
1078,5598,0.7137131
1079,7379,0.68251693
1080,1101,0.104948014
1081,6558,0.70773375
1082,11207,0.7263562
1083,589,0.41156435
1084,9689,0.4482485
1085,4080,0.73165226
1086,10409,0.7286799
1087,6815,0.6586591
1088,4920,0.728704
1089,230,0.41325212
1090,9751,0.6916484
1091,7361,0.7987936
1092,12444,0.41156435
1093,7458,0.7301896
1094,8406,0.64550054
1095,5336,0.699561
1096,11902,0.75434303
1097,10822,0.72950584
1098,8057,0.7098053
1099,9880,0.72037834
1100,1330,0.41156435
1101,4399,0.646391
1102,135,0.4167436
1103,6513,0.62956256
1104,3741,0.53087556
1105,7697,0.5948177
1106,14577,0.108727425
1107,4475,0.71482384
1108,984,0.77955294
1109,6965,0.5405025
1110,4839,0.73128164
1111,4087,0.70936954
1112,10443,0.60862136
1113,11571,0.67831945
1114,4137,0.7021421
1115,9570,0.6576032
1116,705,0.41156435
1117,4204,0.73706245
1118,9722,0.646391
1119,5510,0.7478141
1120,4991,0.549745
1121,6473,0.73877966
1122,6961,0.62956256
1123,14228,0.8220952
1124,7928,0.42410693
1125,12459,0.41156435
1126,4865,0.7245215
1127,4760,0.73102766
1128,13300,0.75756687
1129,10647,0.7286799
1130,2106,0.7341342
1131,13526,0.7421162
1132,12009,0.40858883
1133,6275,0.7157312
1134,713,0.79322207
1135,14729,0.41325212
1136,2117,0.7133368
1137,2904,0.67200595
1138,8014,0.7597213
1139,981,0.40858883
1140,11314,0.7285037
1141,11547,0.6399216
1142,9581,0.68055314
1143,7238,0.67820454
1144,5346,0.6763803
1145,2177,0.69248235
1146,4798,0.56909764
1147,1197,0.80044836
1148,3905,0.549745
1149,13754,0.67943174
1150,8377,0.47952718
1151,12689,0.8287966
1152,1649,0.42376155
1153,3745,0.75260556
1154,2540,0.6313287
1155,1816,0.40858883
1156,2167,0.73572195
1157,12871,0.68055314
1158,8243,0.68859446
1159,8179,0.70936954
1160,13489,0.549745
1161,5929,0.549745
1162,12798,0.73102766
1163,4599,0.57239676
1164,14674,0.713263
1165,6438,0.7052345
1166,13458,0.64550054
1167,11695,0.72037834
1168,9619,0.70175177
1169,10151,0.68055314
1170,12504,0.71171725
1171,10510,0.69478506
1172,13093,0.712189
1173,158,0.41009074
1174,9924,0.7596696
1175,11058,0.70541006
1176,4411,0.4485432
1177,6409,0.68882746
1178,8584,0.7478141
1179,5428,0.39450923
1180,6435,0.7286799
1181,13119,0.48748907
1182,5859,0.4180537
1183,2378,0.71175325
1184,11601,0.7287178
1185,10994,0.6971773
1186,1153,0.106841415
1187,2984,0.71175325
1188,8504,0.6793803
1189,4604,0.717161
1190,12782,0.83724725
1191,12313,0.42376155
1192,8000,0.7261877
1193,9648,0.6096184
1194,2478,0.72113377
1195,1673,0.8239322
1196,1814,0.73512363
1197,4461,0.73128164
1198,8758,0.56909764
1199,6877,0.6214554
1200,12318,0.106841415
1201,4016,0.73932636
1202,12736,0.83668363
1203,3907,0.714101
1204,6419,0.48005906
1205,8029,0.43487242
1206,8486,0.7279961
1207,9649,0.718079
1208,5662,0.549745
1209,3043,0.549745
1210,10625,0.61852944
1211,12022,0.104948014
1212,2211,0.69163734
1213,10032,0.4424293
1214,6974,0.650552
1215,9153,0.56922853
1216,13220,0.7808685
1217,6683,0.5520683
1218,3033,0.75515294
1219,10225,0.7303439
1220,8302,0.5074446
1221,10991,0.549745
1222,5155,0.650552
1223,10513,0.75180614
1224,7694,0.6916484
1225,2665,0.73286945
1226,1059,0.5520683
1227,2334,0.69403213
1228,14923,0.41325212
1229,10638,0.7308875
1230,11754,0.6586591
1231,7618,0.6586591
1232,14366,0.106841415
1233,4462,0.7512554
1234,1533,0.41156435
1235,1804,0.41009074
1236,12266,0.104948014
1237,12120,0.66783476
1238,5386,0.47952718
1239,11445,0.7359026
1240,13373,0.7301896
1241,6124,0.71175325
1242,13584,0.45173267
1243,3430,0.6214554
1244,6901,0.6300343
1245,5718,0.73146313
1246,645,0.41009074
1247,2995,0.71875805
1248,9633,0.43637884
1249,14166,0.6399216
1250,8647,0.6765593
1251,11510,0.5732508
1252,698,0.41325212
1253,5695,0.6399216
1254,7130,0.69778323
1255,5938,0.7263701
1256,10931,0.678728
1257,3567,0.72037834
1258,9242,0.75515294
1259,12116,0.73128164
1260,2400,0.5524344
1261,3529,0.1197131
1262,8235,0.73286945
1263,8100,0.70539004
1264,10203,0.732005
1265,11316,0.7411464
1266,2880,0.7301896
1267,4175,0.713263
1268,3602,0.69248235
1269,4733,0.6586591
1270,14617,0.84326816
1271,4806,0.66941136
1272,1462,0.41325212
1273,6718,0.6822783
1274,2909,0.7270185
1275,13328,0.7054239
1276,8451,0.41733068
1277,10612,0.7150588
1278,11323,0.72037834
1279,1025,0.41156435
1280,14795,0.41325212
1281,13436,0.6189054
1282,11831,0.69613844
1283,184,0.41325212
1284,14529,0.104948014
1285,3575,0.49948272
1286,8473,0.6072966
1287,4111,0.5329456
1288,3069,0.69841486
1289,11880,0.7157312
1290,5321,0.71644044
1291,6172,0.6586591
1292,11953,0.6096184
1293,11201,0.6916484
1294,5079,0.7155931
1295,7043,0.6629526
1296,2452,0.5405025
1297,13187,0.7286799
1298,1177,0.71752906
1299,12283,0.106841415
1300,11132,0.549745
1301,7124,0.6763803
1302,10267,0.48748907
1303,13077,0.7535051
1304,12257,0.41156435
1305,7657,0.6619239
1306,3244,0.6384278
1307,9767,0.7289718
1308,13644,0.56981355
1309,8614,0.7157312
1310,11674,0.6916484
1311,5752,0.7082889
1312,5713,0.714101
1313,9432,0.5356349
1314,10453,0.800948
1315,8433,0.71087927
1316,5915,0.7025442
1317,14086,0.48005906
1318,13616,0.650552
1319,13722,0.6813276
1320,5551,0.70175177
1321,4229,0.72568274
1322,13145,0.718079
1323,133,0.41156435
1324,9824,0.48748907
1325,12716,0.41009074
1326,7253,0.69403213
1327,3683,0.7286799
1328,2094,0.41325212
1329,1617,0.8024052
1330,13386,0.5329456
1331,9991,0.5383055
1332,10810,0.70541006
1333,1418,0.104948014
1334,4885,0.7122675
1335,5852,0.5329456
1336,12227,0.41156435
1337,13575,0.7519954
1338,6154,0.7421162
1339,12200,0.8039384
1340,14598,0.108727425
1341,12214,0.41009074
1342,7773,0.5329456
1343,8670,0.37817582
1344,9181,0.69599193
1345,3121,0.681764
1346,7373,0.5741705
1347,10152,0.73286945
1348,2648,0.7172409
1349,7601,0.68215513
1350,13860,0.62671584
1351,5571,0.6743133
1352,3938,0.714101
1353,14287,0.106841415
1354,12421,0.106841415
1355,13156,0.5524344
1356,5369,0.7286799
1357,4535,0.73102766
1358,13514,0.646391
1359,6823,0.7279961
1360,10734,0.7001605
1361,10482,0.61839116
1362,5701,0.557302
1363,2442,0.7407243
1364,5484,0.7597213
1365,635,0.40858883
1366,88,0.41009074
1367,9020,0.70181245
1368,6297,0.7478141
1369,5729,0.7112697
1370,12714,0.41009074
1371,6500,0.60862136
1372,1637,0.10671887
1373,5476,0.73165226
1374,6918,0.73431486
1375,820,0.10671887
1376,8753,0.43041444
1377,8002,0.48748907
1378,2471,0.7295238
1379,3604,0.63807464
1380,7192,0.69403213
1381,1906,0.52849483
1382,4072,0.68251693
1383,14452,0.42410693
1384,3506,0.5329456
1385,3918,0.549745
1386,291,0.7568687
1387,4272,0.6715193
1388,7871,0.69731677
1389,13118,0.43021622
1390,6580,0.74184096
1391,12907,0.7303439
1392,13294,0.66231453
1393,4971,0.73165226
1394,2248,0.7341342
1395,2135,0.7207171
1396,6639,0.7519954
1397,4363,0.71175325
1398,12003,0.81051266
1399,10562,0.55741125
1400,13175,0.549745
1401,8011,0.7341342
1402,14303,0.4104361
1403,1098,0.41009074
1404,14815,0.106841415
1405,9387,0.7286799
1406,10693,0.75260556
1407,8761,0.6943563
1408,12913,0.7329356
1409,538,0.84159696
1410,1011,0.42410693
1411,11635,0.6916484
1412,761,0.106841415
1413,101,0.41325212
1414,1496,0.10671887
1415,8103,0.7157312
1416,3810,0.49617058
1417,8630,0.7279961
1418,6827,0.718079
1419,14618,0.106841415
1420,11772,0.68070674
1421,129,0.41325212
1422,12686,0.104948014
1423,13071,0.7478141
1424,3396,0.7512554
1425,9516,0.7172409
1426,7555,0.5520683
1427,14670,0.41009074
1428,9392,0.69478506
1429,10792,0.5329456
1430,7899,0.7164817
1431,10606,0.6763803
1432,8374,0.6798239
1433,13871,0.69034296
1434,1610,0.7809057
1435,604,0.106841415
1436,8512,0.70698434
1437,2728,0.6916484
1438,7853,0.70936954
1439,1751,0.13384497
1440,13966,0.549745
1441,2841,0.6180108
1442,9501,0.6399216
1443,14996,0.41009074
1444,5748,0.70773375
1445,13889,0.41156435
1446,7475,0.7001605
1447,12336,0.76283544
1448,10497,0.20167425
1449,6117,0.7157312
1450,3337,0.7286799
1451,2755,0.5329456
1452,11986,0.5524344
1453,1277,0.7875699
1454,1508,0.74549043
1455,485,0.674741
1456,8097,0.7019278
1457,3869,0.7292679
1458,10590,0.7029246
1459,2389,0.6410269
1460,11776,0.6945464
1461,14542,0.106841415
1462,6553,0.5520683
1463,3237,0.6996952
1464,6122,0.38426095
1465,1424,0.41325212
1466,13506,0.66096807
1467,11103,0.73512363
1468,3259,0.7263562
1469,9017,0.6996266
1470,1861,0.104948014
1471,11258,0.61619765
1472,1640,0.7286799
1473,7399,0.73840064
1474,1439,0.857839
1475,13557,0.70181245
1476,3680,0.57239676
1477,1429,0.7701666
1478,8158,0.73567027
1479,5229,0.7535652
1480,3722,0.73431486
1481,1348,0.6247199
1482,12103,0.104948014
1483,4740,0.7559594
1484,360,0.104948014
1485,11815,0.728704
1486,1531,0.41156435
1487,8533,0.6716832
1488,9612,0.7286799
1489,6374,0.56909764
1490,7412,0.6822783
1491,2720,0.6984678
1492,1221,0.79322207
1493,13312,0.48748475
1494,11105,0.6671712
1495,708,0.106841415
1496,12439,0.41156435
1497,13426,0.74219155
1498,5388,0.6797151
1499,2556,0.7319912
1500,9814,0.5857876
1501,10921,0.6938831
1502,4389,0.7341342
1503,1216,0.41325212
1504,4835,0.7332269
1505,14521,0.104948014
1506,6903,0.7279961
1507,221,0.41009074
1508,2198,0.6759564
1509,535,0.41009074
1510,6203,0.75515294
1511,6886,0.7478141
1512,8281,0.7286799
1513,3851,0.6763803
1514,11322,0.7301896
1515,12354,0.48748907
1516,13551,0.69403213
1517,8119,0.40858883
1518,6941,0.7183472
1519,14238,0.40858883
1520,3641,0.63134885
1521,13128,0.6835413
1522,8520,0.7241863
1523,11488,0.7054239
1524,4702,0.7286799
1525,4701,0.710152
1526,2358,0.73399997
1527,6305,0.6916484
1528,6311,0.6709938
1529,2717,0.6797151
1530,5145,0.56909764
1531,14914,0.41009074
1532,1246,0.42376155
1533,5958,0.7285037
1534,8884,0.7122675
1535,1723,0.106841415
1536,5919,0.44750756
1537,7825,0.72950584
1538,9639,0.5405025
1539,13309,0.73652554
1540,6697,0.73417825
1541,2601,0.71833295
1542,1394,0.41009074
1543,5528,0.7351604
1544,7827,0.7157312
1545,2568,0.49874115
1546,5825,0.62956256
1547,7330,0.6720524
1548,1012,0.106841415
1549,12727,0.42376155
1550,8086,0.5074446
1551,2959,0.62956256
1552,3472,0.5844153
1553,12999,0.70936954
1554,14421,0.40858883
1555,13054,0.70936954
1556,4374,0.71328324
1557,9360,0.7157312
1558,11568,0.7444999
1559,2815,0.714101
1560,9697,0.5789709
1561,8559,0.6769142
1562,13477,0.73128164
1563,13961,0.4485432
1564,1696,0.41156435
1565,1527,0.41325212
1566,12308,0.41009074
1567,4508,0.44615507
1568,11235,0.7308875
1569,11234,0.6214554
1570,11596,0.61600745
1571,8582,0.71966803
1572,9901,0.69778323
1573,43,0.10671887
1574,2562,0.74390763
1575,5129,0.6214554
1576,5801,0.73168993
1577,9452,0.6835413
1578,12845,0.71814114
1579,13535,0.6822783
1580,1057,0.41009074
1581,416,0.84159696
1582,10722,0.71175325
1583,786,0.77955294
1584,7553,0.6214554
1585,8034,0.7207334
1586,6106,0.71171725
1587,3951,0.67962635
1588,2585,0.73747027
1589,11676,0.55209535
1590,9483,0.43634605
1591,13529,0.67639995
1592,8686,0.7137131
1593,7262,0.20594126
1594,8438,0.45610014
1595,2081,0.69403213
1596,610,0.104948014
1597,3132,0.7122675
1598,1461,0.41009074
1599,5327,0.71175325
1600,2201,0.4485432
1601,4427,0.6426916
1602,6835,0.7065486
1603,11581,0.6852956
1604,27,0.40858883
1605,11580,0.6763803
1606,6345,0.549745
1607,12568,0.42376155
1608,10782,0.6247199
1609,11127,0.717161
1610,5360,0.6214554
1611,4183,0.73286945
1612,13614,0.72950584
1613,6247,0.6180108
1614,5252,0.7478118
1615,8380,0.7121077
1616,8737,0.77181834
1617,13152,0.73572195
1618,1762,0.67639995
1619,13974,0.57239676
1620,6780,0.73822427
1621,313,0.42376155
1622,7288,0.557302
1623,14191,0.7157312
1624,6108,0.7263701
1625,3293,0.6945464
1626,8722,0.6733775
1627,12211,0.39450923
1628,8736,0.549745
1629,9826,0.7164817
1630,918,0.106834024
1631,5183,0.7421162
1632,8458,0.48748907
1633,11032,0.7030585
1634,10565,0.75912285
1635,2634,0.4485432
1636,6840,0.71171725
1637,13409,0.69478506
1638,10637,0.7156024
1639,946,0.4104361
1640,14274,0.41156435
1641,6527,0.7133368
1642,4892,0.44390294
1643,288,0.7568687
1644,1557,0.7301896
1645,7814,0.6586591
1646,10524,0.6864393
1647,12993,0.57239676
1648,13909,0.7054239
1649,3388,0.68070674
1650,8747,0.6586591
1651,14692,0.106841415
1652,13277,0.7900197
1653,4646,0.7451287
1654,13431,0.5520683
1655,2115,0.70936954
1656,3624,0.66817284
1657,3324,0.63134885
1658,13934,0.66783476
1659,8192,0.70734876
1660,882,0.11709112
1661,8137,0.7478141
1662,10468,0.7030585
1663,3498,0.6247199
1664,5253,0.5520683
1665,9503,0.7286063
1666,10335,0.37926415
1667,7304,0.713263
1668,5837,0.68251693
1669,13747,0.7279961
1670,14840,0.41325212
1671,2746,0.69478506
1672,3153,0.5405025
1673,13868,0.71175325
1674,9885,0.7279961
1675,14118,0.7359026
1676,507,0.41156435
1677,7603,0.73572195
1678,7023,0.7519954
1679,5769,0.714101
1680,9572,0.6160913
1681,60,0.7535051
1682,10144,0.7098053
1683,14527,0.41009074
1684,986,0.42376155
1685,4819,0.7398676
1686,6005,0.7535652
1687,407,0.106841415
1688,6326,0.650552
1689,12725,0.41156435
1690,176,0.42376155
1691,8908,0.7122675
1692,11777,0.39450923
1693,6892,0.717161
1694,5037,0.7286799
1695,3378,0.70936954
1696,10290,0.7286799
1697,7220,0.77557915
1698,2004,0.7286799
1699,10250,0.73286945
1700,14646,0.41009074
1701,2308,0.6945464
1702,14073,0.6996266
1703,8976,0.7105671
1704,5100,0.549745
1705,4811,0.73431486
1706,344,0.41009074
1707,3049,0.7519954
1708,14963,0.104948014
1709,471,0.48748907
1710,11937,0.7133881
1711,5255,0.7025442
1712,7895,0.549745
1713,13809,0.69273776
1714,12900,0.72611105
1715,5353,0.7157312
1716,7706,0.6709938
1717,8081,0.73431486
1718,10515,0.71718085
1719,5778,0.7308875
1720,5076,0.71171725
1721,12539,0.4037698
1722,3269,0.6973475
1723,7165,0.7301896
1724,2473,0.7821699
1725,8096,0.6709938
1726,4408,0.7065486
1727,2374,0.78190064
1728,8760,0.6997434
1729,1863,0.106841415
1730,1997,0.41156435
1731,4534,0.42376155
1732,5441,0.7301896
1733,11644,0.6189054
1734,552,0.73415124
1735,5599,0.45610014
1736,2780,0.713263
1737,9413,0.5306587
1738,14308,0.106841415
1739,4767,0.64206314
1740,7050,0.7301896
1741,5440,0.7331619
1742,14203,0.6849229
1743,13881,0.646391
1744,14149,0.49576798
1745,5980,0.71171725
1746,11029,0.69841486
1747,14927,0.41009074
1748,14240,0.40858883
1749,13902,0.7332269
1750,14633,0.8287966
1751,2964,0.5524344
1752,7689,0.62509537
1753,3727,0.56909764
1754,2806,0.68859446
1755,1647,0.41009074
1756,13484,0.549745
1757,9804,0.7156024
1758,4616,0.7286799
1759,11946,0.69248235
1760,735,0.74903405
1761,9504,0.7124988
1762,11771,0.5329456
1763,14028,0.6738065
1764,2065,0.42131466
1765,12894,0.646391
1766,12433,0.821347
1767,2077,0.7633476
1768,10809,0.549745
1769,10383,0.7286799
1770,13073,0.5329456
1771,10974,0.44339782
1772,3323,0.71947086
1773,3984,0.7210621
1774,5230,0.6763803
1775,14870,0.7810627
1776,2087,0.7519954
1777,11354,0.646391
1778,12464,0.8220952
1779,4722,0.7210621
1780,8724,0.6247199
1781,10467,0.41147923
1782,11998,0.6639137
1783,2914,0.72037834
1784,1930,0.72796446
1785,1219,0.8287966
1786,11335,0.5452133
1787,3245,0.5074446
1788,3435,0.4458088
1789,13962,0.6214554
1790,3101,0.7367948
1791,875,0.108727425
1792,14219,0.7966892
1793,1003,0.41359746
1794,12088,0.41325212
1795,14867,0.7781048
1796,9219,0.549745
1797,9417,0.62956256
1798,1685,0.8287966
1799,7178,0.75756687
1800,3559,0.5708985
1801,4520,0.48005906
1802,7028,0.6313287
1803,11713,0.7301896
1804,8534,0.74982333
1805,14019,0.6586591
1806,6490,0.6130689
1807,10199,0.41156435
1808,838,0.73165226
1809,9586,0.7156024
1810,6213,0.71833295
1811,4727,0.7133368
1812,14074,0.71171725
1813,9041,0.549745
1814,8020,0.6797151
1815,12912,0.39101565
1816,9738,0.64206314
1817,7777,0.76333547
1818,4128,0.43077016
1819,2588,0.6996266
1820,14600,0.40529022
1821,7465,0.681764
1822,9720,0.7241863
1823,6336,0.7025442
1824,7653,0.71175325
1825,7768,0.5524344
1826,3144,0.71175325
1827,12917,0.71875805
1828,7591,0.71875805
1829,2605,0.7303439
1830,14680,0.41325212
1831,12033,0.41325212
1832,6831,0.71087927
1833,6656,0.40858883
1834,1118,0.8021046
1835,1998,0.81669474
1836,4487,0.73165226
1837,9599,0.714355
1838,9718,0.75911665
1839,10094,0.7270185
1840,8456,0.6214554
1841,3034,0.7444999
1842,13074,0.7286799
1843,3081,0.6399216
1844,5329,0.6673583
1845,7705,0.6160913
1846,4340,0.57239676
1847,12026,0.80289495
1848,9478,0.55741125
1849,4786,0.7193521
1850,14295,0.106841415
1851,4574,0.739058
1852,11374,0.7535051
1853,13253,0.78589135
1854,4256,0.7568687
1855,9577,0.7478141
1856,11487,0.6996266
1857,12772,0.6945464
1858,6753,0.67820454
1859,11000,0.549745
1860,1071,0.6973396
1861,12687,0.106841415
1862,4564,0.5596252
1863,12319,0.40858883
1864,14489,0.104948014
1865,12315,0.7443777
1866,10171,0.55098873
1867,11352,0.70175177
1868,1464,0.10671887
1869,12951,0.7098053
1870,10799,0.64409447
1871,4605,0.67962635
1872,4822,0.6399216
1873,12012,0.7656137
1874,10364,0.5572607
1875,3822,0.67593575
1876,7731,0.7122675
1877,8799,0.48748907
1878,3863,0.73196006
1879,4048,0.43637884
1880,2302,0.71175325
1881,6138,0.7019278
1882,2668,0.7155931
1883,8943,0.4485432
1884,13517,0.56909764
1885,2759,0.7263701
1886,3188,0.744156
1887,5197,0.557302
1888,242,0.41009074
1889,7112,0.71171725
1890,8252,0.74982333
1891,5057,0.82398033
1892,2933,0.73652554
1893,9875,0.48005906
1894,9487,0.58087957
1895,5323,0.6586591
1896,10605,0.71175325
1897,84,0.106841415
1898,7775,0.62956256
1899,12650,0.41009074
1900,2535,0.7054239
1901,2864,0.7747412
1902,290,0.4104361
1903,39,0.41009074
1904,2766,0.70936954
1905,2702,0.7279961
1906,8635,0.5405025
1907,2510,0.69248235
1908,8693,0.75546247
1909,2142,0.6916484
1910,12043,0.106841415
1911,12606,0.41009074
1912,4058,0.5405025
1913,10353,0.5329456
1914,1744,0.41009074
1915,4668,0.7578231
1916,8718,0.7157312
1917,3103,0.7319912
1918,2030,0.7301896
1919,4000,0.67200595
1920,8118,0.7535652
1921,7692,0.7041355
1922,938,0.106841415
1923,10895,0.73572195
1924,13219,0.7341342
1925,14610,0.106841415
1926,1772,0.7519954
1927,5091,0.7080583
1928,11917,0.6105584
1929,4894,0.4485432
1930,540,0.42376155
1931,4153,0.72950584
1932,7569,0.7279961
1933,13137,0.7348654
1934,2401,0.7356161
1935,12690,0.41156435
1936,10242,0.61600745
1937,8956,0.6945464
1938,5235,0.22678065
1939,12061,0.106841415
1940,6111,0.60862136
1941,3477,0.6647224
1942,5706,0.73706245
1943,5949,0.4424293
1944,11044,0.7097325
1945,9272,0.70541006
1946,12536,0.106841415
1947,14471,0.40858883
1948,11071,0.72950584
1949,1134,0.41156435
1950,12229,0.7808685
1951,5611,0.64206314
1952,4712,0.7156024
1953,3772,0.6214554
1954,13986,0.7157312
1955,6120,0.557302
1956,13649,0.6130689
1957,13391,0.7289718
1958,6545,0.69478506
1959,4753,0.79473186
1960,5753,0.63312525
1961,7754,0.714101
1962,7303,0.6909044
1963,6633,0.7207334
1964,3535,0.70936954
1965,8138,0.6586591
1966,3371,0.7157312
1967,76,0.106841415
1968,2630,0.7254668
1969,7616,0.6758946
1970,11548,0.549745
1971,5303,0.714101
1972,3247,0.7308875
1973,356,0.41156435
1974,13911,0.7520331
1975,268,0.40858883
1976,5259,0.73373127
1977,12348,0.104948014
1978,1469,0.5405025
1979,7368,0.7252755
1980,2494,0.7479039
1981,12517,0.104948014
1982,6245,0.7157312
1983,8021,0.6999019
1984,11802,0.7041355
1985,14168,0.710152
1986,4936,0.45610014
1987,1731,0.41156435
1988,8334,0.69599193
1989,4603,0.6130689
1990,921,0.42376155
1991,523,0.7286799
1992,10656,0.7511238
1993,12964,0.46080083
1994,5470,0.7535652
1995,5881,0.71176946
1996,12997,0.6956184
1997,14023,0.7478141
1998,8505,0.73787224
1999,8025,0.73512363
2000,175,0.71175325
2001,9393,0.7252755
2002,8785,0.7478141
2003,2662,0.6984678
2004,9475,0.7301896
2005,6636,0.70773375
2006,10608,0.7597213
2007,10846,0.69403213
2008,11086,0.5844153
2009,1433,0.41325212
2010,12212,0.7568692
2011,1172,0.40858883
2012,932,0.42376155
2013,13338,0.70652217
2014,14241,0.13384497
2015,4622,0.73102766
2016,9681,0.7421162
2017,10754,0.7444999
2018,4444,0.43487242
2019,6743,0.72037834
2020,432,0.41325212
2021,12986,0.6099099
2022,14093,0.5356349
2023,7644,0.61600745
2024,7444,0.7156024
2025,9652,0.549745
2026,11660,0.69893074
2027,8160,0.646391
2028,6784,0.650552
2029,9930,0.6954657
2030,10282,0.7292679
2031,4385,0.7341342
2032,7276,0.7535051
2033,11936,0.6586591
2034,10902,0.69316614
2035,11647,0.5544071
2036,9719,0.73102766
2037,6397,0.7519954
2038,9717,0.6763803
2039,11814,0.5213831
2040,14200,0.710152
2041,9922,0.6302262
2042,8603,0.71947086
2043,6278,0.7519954
2044,185,0.4104361
2045,14785,0.41156435
2046,7817,0.71718085
2047,8513,0.6180108
2048,7656,0.56909764
2049,2739,0.7286799
2050,10331,0.5329456
2051,10407,0.7478118
2052,12219,0.8828188
2053,2465,0.6348455
2054,13622,0.48748907
2055,10582,0.69403213
2056,8369,0.72950584
2057,4526,0.6096184
2058,2286,0.73652554
2059,5628,0.7341342
2060,14586,0.81903195
2061,854,0.75434303
2062,6436,0.6758946
2063,10854,0.6763803
2064,776,0.17976981
2065,5743,0.71175325
2066,14294,0.7519954
2067,9694,0.6247199
2068,1328,0.104948014
2069,12445,0.104948014
2070,4970,0.549745
2071,9954,0.7275584
2072,6533,0.7157312
2073,5308,0.681764
2074,2644,0.6875437
2075,13333,0.6916484
2076,6343,0.72224313
2077,12379,0.7559594
2078,13060,0.6180108
2079,6747,0.7596696
2080,13675,0.70652217
2081,5905,0.7263701
2082,7116,0.5732508
2083,13924,0.7245215
2084,2613,0.73663855
2085,2444,0.7025442
2086,9971,0.549745
2087,4883,0.6715193
2088,8028,0.6421825
2089,254,0.6797151
2090,11412,0.6384278
2091,10408,0.6916484
2092,11019,0.573871
2093,6046,0.7279961
2094,2336,0.712189
2095,13829,0.7520331
2096,9688,0.75515294
2097,6738,0.7286799
2098,6021,0.73286945
2099,7850,0.76967645
2100,415,0.41009074
2101,6741,0.73572195
2102,12451,0.81786215
2103,10375,0.7407243
2104,6101,0.7308875
2105,5765,0.7213661
2106,11826,0.68083656
2107,2955,0.714101
2108,11004,0.814294
2109,3226,0.7109891
2110,1792,0.41009074
2111,2433,0.7478118
2112,10631,0.7157312
2113,4776,0.6797151
2114,5373,0.7088963
2115,12980,0.73286945
2116,5856,0.56105
2117,11135,0.64622414
2118,5596,0.549745
2119,7846,0.66284335
2120,4295,0.6586591
2121,5870,0.7519954
2122,13817,0.5329456
2123,5331,0.7519954
2124,8742,0.6965005
2125,11173,0.83245075
2126,14588,0.41325212
2127,1006,0.41359746
2128,7931,0.549745
2129,7751,0.75912285
2130,8744,0.549745
2131,9895,0.73165226
2132,13499,0.5329456
2133,2130,0.7157312
2134,10947,0.79066956
2135,2628,0.71171725
2136,11242,0.7263562
2137,10929,0.3983118
2138,990,0.13384497
2139,8501,0.7286799
2140,9742,0.72787976
2141,14054,0.7065486
2142,297,0.40360248
2143,12387,0.108727425
2144,14462,0.73165226
2145,10532,0.69478506
2146,11355,0.71875805
2147,2082,0.48748907
2148,4004,0.3702836
2149,12235,0.739812
2150,4265,0.48748907
2151,13440,0.6429465
2152,4513,0.43637884
2153,3800,0.71873844
2154,2237,0.71175325
2155,1064,0.7263701
2156,6712,0.7065486
2157,879,0.7808685
2158,14591,0.41325212
2159,14062,0.71171725
2160,2210,0.5329456
2161,13914,0.73328257
2162,7008,0.6313287
2163,10281,0.5329456
2164,1573,0.49948272
2165,6335,0.75434303
2166,10657,0.75756687
2167,13397,0.73102766
2168,14072,0.7064749
2169,1109,0.75912285
2170,9015,0.73512363
2171,10117,0.40858883
2172,5660,0.6916484
2173,5842,0.76516426
2174,13266,0.6214554
2175,4512,0.78550744
2176,11342,0.649815
2177,11527,0.650552
2178,11008,0.71644336
2179,6914,0.7056712
2180,14409,0.104948014
2181,14101,0.557302
2182,9391,0.5507965
2183,6427,0.71380806
2184,3175,0.7183776
2185,10213,0.78442633
2186,13926,0.5329456
2187,7837,0.58087957
2188,8276,0.8163716
2189,4982,0.5520683
2190,591,0.74886245
2191,14637,0.7903873
2192,13249,0.7535051
2193,3091,0.6496555
2194,9178,0.7157312
2195,3557,0.681764
2196,12083,0.7279961
2197,10053,0.646391
2198,9223,0.402193
2199,13539,0.5520683
2200,4132,0.5741705
2201,3565,0.6715193
2202,5840,0.69239026
2203,9910,0.6214554
2204,8069,0.7156024
2205,12335,0.40858883
2206,10573,0.40858883
2207,12363,0.75434303
2208,12924,0.7402197
2209,12472,0.76509213
2210,2420,0.557302
2211,10601,0.821229
2212,12341,0.40858883
2213,3659,0.6214554
2214,1915,0.40360248
2215,3465,0.63134885
2216,3695,0.71175325
2217,3622,0.6586591
2218,9757,0.5329456
2219,14933,0.104948014
2220,2611,0.69035757
2221,5933,0.72113377
2222,10197,0.42376155
2223,3757,0.7478141
2224,7449,0.6214554
2225,7678,0.6214554
2226,12543,0.7519954
2227,7675,0.7701666
2228,8968,0.67962635
2229,8359,0.6410269
2230,9775,0.74781907
2231,2273,0.80674356
2232,14858,0.41156435
2233,5540,0.549745
2234,12557,0.42376155
2235,1454,0.656062
2236,5334,0.739812
2237,797,0.1720849
2238,6231,0.713263
2239,5262,0.67119527
2240,7599,0.76142657
2241,2005,0.6214554
2242,7273,0.6130689
2243,1972,0.41156435
2244,11726,0.6705932
2245,2447,0.6793803
2246,5458,0.67413044
2247,7794,0.4424293
2248,8833,0.549745
2249,5426,0.72037834
2250,8147,0.6397259
2251,464,0.8220952
2252,914,0.549745
2253,11886,0.73840064
2254,1077,0.79322207
2255,2688,0.5240159
2256,3590,0.7496271
2257,4566,0.48748907
2258,5890,0.714101
2259,12735,0.74903405
2260,8071,0.69478506
2261,13624,0.7286799
2262,11424,0.73572195
2263,4529,0.6973475
2264,9229,0.7443965
2265,2953,0.70936954
2266,14344,0.41325212
2267,1214,0.106841415
2268,10128,0.7286799
2269,2331,0.7341342
2270,6337,0.5329456
2271,12984,0.62902516
2272,1343,0.41325212
2273,6240,0.70936954
2274,12971,0.7351465
2275,2654,0.5804119
2276,11642,0.73102766
2277,4803,0.5804119
2278,3223,0.7098053
2279,1388,0.6720524
2280,4862,0.7286799
2281,6077,0.740257
2282,3776,0.7080583
2283,12436,0.104948014
2284,12898,0.7557767
2285,11251,0.64206314
2286,7600,0.68667793
2287,2659,0.7520331
2288,11728,0.6695322
2289,478,0.7625178
2290,6669,0.6716832
2291,14459,0.81286037
2292,7329,0.75912285
2293,2519,0.7105671
2294,13765,0.64796805
2295,14020,0.6429465
2296,13444,0.7328473
2297,12977,0.7263562
2298,10309,0.718079
2299,5708,0.6954657
2300,2529,0.7065486
2301,12513,0.106841415
2302,922,0.42376155
2303,1314,0.41325212
2304,4581,0.713263
2305,6957,0.40858883
2306,410,0.49948272
2307,11716,0.7025442
2308,8841,0.5329456
2309,2989,0.5405025
2310,8437,0.549745
2311,14538,0.84326816
2312,8189,0.7263701
2313,5405,0.646391
2314,6651,0.7263562
2315,8814,0.6214554
2316,9737,0.5477404
2317,9007,0.7137131
2318,3681,0.5520683
2319,7450,0.710152
2320,4925,0.71087927
2321,12649,0.41009074
2322,4051,0.6422693
2323,3666,0.75434303
2324,6244,0.5524344
2325,5109,0.7914027
2326,12074,0.10671887
2327,3123,0.7213661
2328,11607,0.6647902
2329,7365,0.7332269
2330,1129,0.106841415
2331,3966,0.6763803
2332,7845,0.48005906
2333,13943,0.5520683
2334,12720,0.41156435
2335,503,0.40858883
2336,7734,0.57225096
2337,8208,0.7303439
2338,3417,0.5973323
2339,12559,0.106841415
2340,2398,0.650552
2341,5716,0.5329456
2342,13692,0.71175325
2343,3434,0.5329456
2344,1225,0.4104361
2345,10100,0.549745
2346,14621,0.49948272
2347,6181,0.7207334
2348,5725,0.43985513
2349,5055,0.5946874
2350,9894,0.69731677
2351,7030,0.6733775
2352,5639,0.713263
2353,14502,0.7568687
2354,11661,0.5405025
2355,3823,0.7519954
2356,2831,0.73102766
2357,6508,0.7207334
2358,13469,0.63800454
2359,12455,0.41156435
2360,3009,0.694142
2361,10951,0.57225096
2362,702,0.42376155
2363,10194,0.7286799
2364,1715,0.41009074
2365,2821,0.4485432
2366,7549,0.19536677
2367,889,0.104948014
2368,1526,0.8626924
2369,588,0.73877966
2370,14493,0.73399997
2371,740,0.104948014
2372,14184,0.6733775
2373,533,0.41325212
2374,10973,0.71452844
2375,2319,0.7348654
2376,13448,0.52849483
2377,9721,0.69841486
2378,5541,0.5329456
2379,798,0.106841415
2380,5163,0.7478141
2381,6788,0.75912285
2382,7229,0.6765593
2383,781,0.7434723
2384,8865,0.68882746
2385,11473,0.4052344
2386,4110,0.7164816
2387,12958,0.6765593
2388,9994,0.7157312
2389,12287,0.104948014
2390,7870,0.70773375
2391,232,0.23604569
2392,14816,0.81202245
2393,11066,0.7411802
2394,13928,0.7263701
2395,1152,0.41325212
2396,3719,0.55098873
2397,5823,0.7210621
2398,14662,0.8278117
2399,9692,0.75912285
2400,12915,0.4749489
2401,2642,0.74550426
2402,2404,0.7121077
2403,9594,0.710152
2404,7547,0.71175325
2405,14806,0.25143495
2406,4842,0.64206314
2407,4134,0.7341342
2408,12094,0.106841415
2409,8016,0.7398676
2410,8152,0.7030585
2411,5486,0.73037225
2412,437,0.41156435
2413,10790,0.549745
2414,1704,0.41009074
2415,8920,0.6715193
2416,9356,0.7207334
2417,4076,0.62956256
2418,9615,0.6214554
2419,9878,0.5074446
2420,11811,0.7279961
2421,4711,0.7054239
2422,9940,0.7263701
2423,8989,0.71336806
2424,1005,0.7157312
2425,11470,0.69478506
2426,9136,0.6793803
2427,6592,0.74550426
2428,1688,0.41156435
2429,12314,0.10671887
2430,2321,0.6791327
2431,1014,0.41156435
2432,13978,0.75912285
2433,6047,0.71336806
2434,7186,0.6099099
2435,9443,0.70936954
2436,13075,0.75434303
2437,4449,0.61754644
2438,9974,0.713263
2439,3260,0.7331619
2440,2247,0.7444999
2441,4816,0.6879251
2442,11796,0.7156024
2443,1748,0.7534801
2444,13870,0.549745
2445,6904,0.73102766
2446,517,0.104948014
2447,5324,0.7286799
2448,13523,0.76182663
2449,10048,0.71720755
2450,10271,0.70936954
2451,9492,0.57225096
2452,10990,0.67200595
2453,7471,0.6996041
2454,7025,0.72950584
2455,10388,0.6973475
2456,9166,0.6304384
2457,2885,0.712189
2458,4789,0.76271164
2459,11357,0.72568274
2460,9186,0.7286799
2461,13683,0.70936954
2462,11692,0.6214554
2463,8161,0.5356349
2464,2298,0.600747
2465,3369,0.7054239
2466,118,0.41325212
2467,9754,0.714101
2468,3513,0.7120028
2469,13681,0.72950584
2470,2865,0.7535051
2471,10066,0.6705876
2472,14418,0.8624207
2473,3180,0.7041355
2474,6777,0.69248235
2475,13753,0.65554774
2476,5246,0.6864393
2477,10775,0.6798239
2478,2687,0.650552
2479,12477,0.106841415
2480,5185,0.7088963
2481,1168,0.7604877
2482,13581,0.38426095
2483,14820,0.13195896
2484,6573,0.7286799
2485,10366,0.5732508
2486,7874,0.7301896
2487,14331,0.66783476
2488,1893,0.104948014
2489,6243,0.49907687
2490,6356,0.6590259
2491,8781,0.549745
2492,9073,0.74550426
2493,10665,0.69841486
2494,11605,0.6214554
2495,13305,0.7122675
2496,8092,0.650552
2497,1016,0.41009074
2498,7200,0.6720524
2499,601,0.8340181
2500,4040,0.7252755
2501,4021,0.5329456
2502,6818,0.7535051
2503,4202,0.6864326
2504,6956,0.7279961
2505,13161,0.6864393
2506,7498,0.73102766
2507,970,0.41156435
2508,7799,0.6160913
2509,1261,0.41156435
2510,11606,0.4485432
2511,4457,0.69403213
2512,3191,0.7398676
2513,310,0.10671887
2514,5614,0.718079
2515,10324,0.44390294
2516,181,0.10671887
2517,14046,0.41009074
2518,1585,0.7535051
2519,13802,0.5732508
2520,1509,0.41325212
2521,1108,0.104948014
2522,1031,0.37926415
2523,8780,0.73929524
2524,14155,0.7112697
2525,14509,0.41009074
2526,12159,0.42376155
2527,1628,0.41156435
2528,10034,0.7301896
2529,11250,0.71171725
2530,14066,0.646391
2531,12895,0.57225096
2532,10859,0.714101
2533,13698,0.7496815
2534,11202,0.41147923
2535,4772,0.8267342
2536,10776,0.7478141
2537,6977,0.7172409
2538,10696,0.6959932
2539,4864,0.712189
2540,14151,0.6214554
2541,14260,0.41156435
2542,11468,0.7157312
2543,3788,0.76967645
2544,1034,0.10671887
2545,5795,0.6214554
2546,9118,0.714355
2547,9179,0.70689446
2548,2767,0.48748907
2549,13980,0.71171725
2550,5394,0.7286799
2551,1434,0.40858883
2552,10877,0.6969449
2553,7387,0.714101
2554,6730,0.549745
2555,11077,0.70773375
2556,5333,0.7173882
2557,6255,0.5405025
2558,1592,0.40212885
2559,8088,0.5789709
2560,14117,0.641142
2561,11528,0.7286799
2562,13135,0.68925357
2563,14791,0.41156435
2564,4886,0.7348654
2565,8885,0.7263562
2566,10747,0.6214554
2567,14458,0.42376155
2568,7472,0.6696392
2569,741,0.65034306
2570,12706,0.7955698
2571,2450,0.6916484
2572,5843,0.7133368
2573,11531,0.61600745
2574,7908,0.5329456
2575,7376,0.42376155
2576,5179,0.5306587
2577,5712,0.646391
2578,9077,0.7478141
2579,8010,0.5329456
2580,8819,0.72786593
2581,4713,0.6927053
2582,4636,0.6399216
2583,5118,0.75515294
2584,7255,0.36519772
2585,3020,0.754555
2586,386,0.10671887
2587,3510,0.6979578
2588,4013,0.7317726
2589,13399,0.7285037
2590,10372,0.7596696
2591,2903,0.48748475
2592,8455,0.549745
2593,655,0.84159696
2594,6520,0.56909764
2595,11597,0.714101
2596,7440,0.67723155
2597,1180,0.79809546
2598,3755,0.6936833
2599,7432,0.712189
2600,3372,0.7157312
2601,8310,0.5732508
2602,1855,0.75434303
2603,2051,0.7348654
2604,8454,0.7279961
2605,13343,0.549745
2606,4208,0.681764
2607,4554,0.73877966
2608,3720,0.7301896
2609,14105,0.72787976
2610,13746,0.7025442
2611,10287,0.4512022
2612,4002,0.67413044
2613,11592,0.6897297
2614,14435,0.41156435
2615,6532,0.70077765
2616,9324,0.71175325
2617,8080,0.73373127
2618,12210,0.40858883
2619,2345,0.77959067
2620,13351,0.7421162
2621,6980,0.7246948
2622,3186,0.7286799
2623,14686,0.41156435
2624,6323,0.6432565
2625,8646,0.7286799
2626,2505,0.7478118
2627,468,0.81051266
2628,9714,0.71171725
2629,13569,0.714101
2630,10401,0.7285037
2631,4151,0.73512363
2632,1403,0.84326816
2633,6725,0.2758956
2634,11519,0.70181245
2635,3030,0.7065486
2636,5955,0.74622405
2637,9977,0.7157312
2638,7385,0.6973475
2639,6051,0.6916484
2640,2609,0.75124156
2641,764,0.808806
2642,11211,0.549745
2643,8492,0.5000146
2644,8591,0.41156435
2645,3087,0.41147923
2646,11315,0.71644044
2647,12839,0.7303439
2648,3853,0.71087927
2649,4463,0.5074446
2650,10983,0.6180108
2651,1576,0.6988399
2652,6524,0.7317726
2653,2607,0.718079
2654,628,0.73165226
2655,8355,0.42428368
2656,1385,0.41190973
2657,9518,0.71175325
2658,11903,0.739849
2659,14111,0.5520683
2660,6990,0.7535051
2661,11974,0.41006148
2662,11611,0.5153075
2663,14560,0.41009074
2664,12161,0.8735412
2665,12372,0.41009074
2666,107,0.41009074
2667,10412,0.41778675
2668,5004,0.6716832
2669,13480,0.7041355
2670,87,0.4104361
2671,10571,0.557302
2672,6277,0.66317743
2673,6841,0.70936954
2674,9361,0.6947449
2675,4158,0.56909764
2676,5500,0.71947086
2677,13028,0.5405025
2678,10952,0.36556357
2679,5048,0.7279961
2680,1598,0.79322207
2681,4159,0.7535051
2682,240,0.106841415
2683,10969,0.76305735
2684,9509,0.7398676
2685,12234,0.6685441
2686,12863,0.42376155
2687,7920,0.48748907
2688,10890,0.7080583
2689,2683,0.60398537
2690,12486,0.40858883
2691,11824,0.7359026
2692,6357,0.5405025
2693,2304,0.71947086
2694,7132,0.63807464
2695,9800,0.68251693
2696,5490,0.549745
2697,14306,0.41325212
2698,1112,0.106834024
2699,10772,0.6765593
2700,939,0.4104361
2701,3471,0.78550744
2702,3203,0.736812
2703,5269,0.6130689
2704,6098,0.7263562
2705,4496,0.8144767
2706,11181,0.42376155
2707,78,0.41009074
2708,10655,0.7348654
2709,7666,0.79809546
2710,6966,0.6996266
2711,14516,0.40858883
2712,14673,0.69731677
2713,6919,0.62956256
2714,2986,0.77955294
2715,12946,0.68667793
2716,11226,0.6937895
2717,1908,0.77323145
2718,3576,0.7537635
2719,14042,0.7301233
2720,506,0.8287966
2721,9951,0.73512363
2722,1737,0.106841415
2723,13380,0.56909764
2724,8331,0.6313287
2725,9846,0.728704
2726,12361,0.7756666
2727,14790,0.41156435
2728,5385,0.7263701
2729,11893,0.549745
2730,9611,0.7596696
2731,7552,0.5804119
2732,6908,0.70936954
2733,13766,0.557302
2734,1001,0.106841415
2735,6403,0.7164817
2736,8073,0.6432565
2737,4397,0.73877966
2738,2366,0.5732508
2739,782,0.83724725
2740,12647,0.41009074
2741,8349,0.549745
2742,200,0.71336806
2743,9105,0.70936954
2744,1236,0.4104361
2745,3594,0.6996041
2746,7673,0.7478141
2747,2383,0.7279961
2748,4234,0.6996266
2749,12239,0.106841415
2750,8581,0.73102766
2751,140,0.106834024
2752,2754,0.73572195
2753,807,0.84159696
2754,14844,0.41325212
2755,3865,0.71087927
2756,2685,0.6793803
2757,566,0.106841415
2758,9957,0.53878796
2759,2614,0.72037834
2760,3261,0.5356349
2761,14322,0.104948014
2762,7674,0.4504657
2763,4255,0.5329456
2764,6746,0.75260556
2765,10946,0.6807203
2766,14025,0.49907687
2767,8839,0.63367665
2768,1090,0.41325212
2769,2679,0.5405025
2770,4745,0.6945464
2771,14946,0.549745
2772,4580,0.6936833
2773,12773,0.41325212
2774,6878,0.7518154
2775,8366,0.7588091
2776,9271,0.7511238
2777,559,0.106841415
2778,13027,0.73512363
2779,14400,0.40858883
2780,7364,0.44435424
2781,9399,0.4749489
2782,7546,0.712189
2783,13583,0.71175325
2784,1720,0.84159696
2785,5001,0.717161
2786,322,0.4485432
2787,3214,0.73286945
2788,14439,0.7568687
2789,1086,0.7065486
2790,8094,0.71947086
2791,2192,0.549745
2792,10367,0.7279961
2793,12405,0.6831465
2794,9829,0.7286799
2795,12759,0.41009074
2796,1140,0.77701277
2797,12619,0.41156435
2798,4470,0.5329456
2799,11095,0.73146313
2800,1801,0.104948014
2801,2822,0.7286063
2802,12948,0.72895795
2803,13853,0.71175325
2804,11925,0.6214554
2805,5000,0.549745
2806,12908,0.709551
2807,5694,0.73102766
2808,10307,0.7183776
2809,2460,0.7122675
2810,13536,0.5356349
2811,6916,0.7122675
2812,13918,0.7054239
2813,3610,0.70698434
2814,7406,0.73431486
2815,12429,0.41325212
2816,9190,0.71752906
2817,8980,0.59533197
2818,3774,0.7112697
2819,14285,0.10671887
2820,5027,0.592434
2821,3775,0.71175325
2822,6329,0.557302
2823,14808,0.106841415
2824,239,0.106841415
2825,10006,0.7263701
2826,4459,0.64206314
2827,2340,0.69778323
2828,10419,0.7287178
2829,5311,0.68754566
2830,1408,0.41325212
2831,2357,0.69215155
2832,13819,0.7405714
2833,12136,0.106841415
2834,5194,0.5405025
2835,1757,0.41009074
2836,9677,0.6755768
2837,1280,0.41325212
2838,2295,0.7319912
2839,9059,0.51181287
2840,10021,0.6586591
2841,5307,0.5329456
2842,10552,0.6916484
2843,14059,0.72311234
2844,6728,0.5520683
2845,10111,0.63512087
2846,12117,0.106834024
2847,14972,0.106841415
2848,6574,0.62631583
2849,3142,0.7478141
2850,9629,0.5524344
2851,11191,0.7286063
2852,182,0.84159696
2853,13689,0.71175325
2854,2966,0.681764
2855,6129,0.65554774
2856,14913,0.41009074
2857,7159,0.6881385
2858,7509,0.71171725
2859,5330,0.73399997
2860,7370,0.69478506
2861,10416,0.5329456
2862,11700,0.7520331
2863,3700,0.685925
2864,6955,0.6822783
2865,7758,0.6671739
2866,11373,0.45173267
2867,8550,0.71175325
2868,11563,0.685925
2869,5945,0.5083967
2870,5195,0.7568687
2871,6488,0.71175325
2872,1244,0.106841415
2873,7358,0.71171725
2874,4942,0.56922853
2875,4769,0.73102766
2876,7446,0.6765593
2877,8291,0.7424864
2878,11542,0.6378102
2879,11108,0.7285037
2880,12564,0.41325212
2881,5622,0.71875226
2882,13531,0.73431486
2883,163,0.77955294
2884,6538,0.72950584
2885,1329,0.106834024
2886,4145,0.5329456
2887,9999,0.43637884
2888,3307,0.42376155
2889,3989,0.56909764
2890,8993,0.73932636
2891,3601,0.67723155
2892,8556,0.73286945
2893,12733,0.4104361
2894,4018,0.7010488
2895,11816,0.714101
2896,3969,0.7025442
2897,12729,0.106841415
2898,7196,0.7122675
2899,14909,0.106841415
2900,4317,0.6932347
2901,106,0.8239322
2902,7789,0.68251693
2903,7222,0.7041355
2904,14332,0.41009074
2905,9946,0.43487242
2906,1925,0.52849483
2907,6386,0.71720755
2908,3042,0.68859446
2909,6219,0.71087927
2910,8965,0.73181045
2911,3318,0.713263
2912,5417,0.48748907
2913,14051,0.6483711
2914,11003,0.72950584
2915,414,0.84159696
2916,11138,0.7596696
2917,8058,0.56909764
2918,11395,0.6399216
2919,11582,0.6214554
2920,3243,0.549745
2921,5225,0.43637884
2922,10165,0.7535051
2923,5439,0.70936954
2924,13438,0.6214554
2925,6772,0.7519954
2926,12943,0.6973396
2927,6110,0.6426916
2928,4473,0.1720849
2929,14657,0.41325212
2930,2509,0.73512363
2931,5927,0.45610014
2932,5737,0.49907687
2933,7836,0.73102766
2934,10131,0.6214554
2935,2805,0.7056712
2936,532,0.108727425
2937,12044,0.106841415
2938,9031,0.7279961
2939,7457,0.7421162
2940,9035,0.681764
2941,10248,0.67119527
2942,13967,0.48748907
2943,8991,0.7411464
2944,2335,0.73102766
2945,96,0.106841415
2946,1778,0.6416359
2947,6063,0.68667793
2948,2635,0.73822427
2949,5668,0.7001605
2950,2584,0.7568687
2951,10113,0.7977241
2952,3399,0.5329456
2953,1298,0.4104361
2954,7747,0.75912285
2955,14944,0.7519954
2956,554,0.41325212
2957,6585,0.714101
2958,102,0.42376155
2959,11430,0.66284335
2960,13430,0.5329456
2961,11779,0.72521555
2962,6320,0.6214554
2963,8322,0.71175325
2964,3843,0.6189054
2965,13803,0.57282764
2966,12242,0.41156435
2967,262,0.42376155
2968,9567,0.6214554
2969,12034,0.77719545
2970,6826,0.4104361
2971,14842,0.6671712
2972,2857,0.5329456
2973,10643,0.7597213
2974,8238,0.40858883
2975,14470,0.10671887
2976,14961,0.549745
2977,3485,0.73009413
2978,429,0.41009074
2979,8050,0.70773375
2980,13303,0.72636837
2981,11853,0.68055314
2982,6085,0.7652918
2983,2838,0.7088963
2984,528,0.104948014
2985,14282,0.42055002
2986,4428,0.5383055
2987,11341,0.72113377
2988,6999,0.6214554
2989,4689,0.7331619
2990,1250,0.79718614
2991,1506,0.41009074
2992,4995,0.6973475
2993,95,0.41325212
2994,3598,0.19536677
2995,8434,0.5329456
2996,14013,0.71644044
2997,10221,0.6807203
2998,12847,0.6916484
2999,12036,0.41009074
