fragment_id,behavior_id
0,13
1,3
2,3
3,0
4,4
5,12
6,12
7,3
8,2
9,0
10,8
11,6
12,2
13,10
14,5
15,2
16,7
17,18
18,16
19,15
20,17
21,0
22,10
23,1
24,5
25,7
26,8
27,3
28,6
29,8
30,4
31,2
32,17
33,13
34,9
35,0
36,13
37,16
38,9
39,0
40,12
41,13
42,14
43,1
44,15
45,18
46,16
47,0
48,7
49,3
50,16
51,17
52,0
53,9
54,3
55,7
56,15
57,2
58,14
59,17
60,17
61,16
62,3
63,18
64,14
65,18
66,14
67,0
68,10
69,7
70,12
71,0
72,5
73,16
74,8
75,13
76,8
77,0
78,17
79,9
80,2
81,18
82,5
83,1
84,3
85,8
86,13
87,0
88,8
89,0
90,17
91,9
92,1
93,12
94,0
95,4
96,17
97,8
98,0
99,0
100,9
101,16
102,13
103,13
104,1
105,3
106,14
107,8
108,0
109,0
110,1
111,7
112,13
113,3
114,13
115,9
116,18
117,3
118,12
119,3
120,4
121,15
122,6
123,12
124,15
125,4
126,4
127,4
128,18
129,3
130,1
131,16
132,0
133,2
134,4
135,15
136,10
137,4
138,9
139,1
140,4
141,12
142,6
143,8
144,6
145,11
146,5
147,6
148,11
149,3
150,1
151,3
152,5
153,0
154,9
155,6
156,12
157,18
158,18
159,10
160,10
161,16
162,7
163,6
164,16
165,5
166,5
167,0
168,12
169,11
170,9
171,11
172,5
173,0
174,0
175,4
176,7
177,0
178,14
179,8
180,15
181,18
182,16
183,5
184,4
185,1
186,8
187,0
188,15
189,12
190,13
191,12
192,4
193,4
194,1
195,12
196,0
197,4
198,5
199,12
200,6
201,8
202,3
203,9
204,0
205,4
206,10
207,17
208,6
209,8
210,5
211,12
212,8
213,5
214,6
215,12
216,5
217,4
218,4
219,5
220,3
221,4
222,1
223,13
224,1
225,3
226,10
227,6
228,10
229,12
230,8
231,1
232,7
233,7
234,18
235,4
236,4
237,10
238,1
239,2
240,3
241,16
242,0
243,2
244,8
245,0
246,6
247,4
248,0
249,5
250,12
251,16
252,10
253,10
254,12
255,4
256,13
257,9
258,5
259,11
260,11
261,9
262,7
263,12
264,12
265,3
266,6
267,2
268,8
269,8
270,5
271,9
272,12
273,7
274,2
275,18
276,18
277,5
278,0
279,4
280,1
281,0
282,10
283,0
284,9
285,2
286,17
287,0
288,14
289,11
290,1
291,3
292,13
293,6
294,10
295,0
296,4
297,1
298,16
299,0
300,0
301,1
302,15
303,1
304,4
305,5
306,7
307,16
308,2
309,0
310,13
311,2
312,4
313,10
314,0
315,4
316,11
317,3
318,17
319,13
320,13
321,15
322,1
323,1
324,12
325,13
326,14
327,7
328,0
329,4
330,1
331,6
332,3
333,1
334,4
335,13
336,4
337,11
338,1
339,6
340,5
341,1
342,8
343,15
344,13
345,12
346,18
347,16
348,2
349,7
350,3
351,4
352,4
353,16
354,13
355,0
356,5
357,18
358,0
359,9
360,15
361,0
362,10
363,17
364,15
365,15
366,15
367,12
368,3
369,3
370,6
371,11
372,8
373,4
374,17
375,0
376,2
377,0
378,12
379,0
380,18
381,9
382,0
383,8
384,0
385,14
386,7
387,1
388,4
389,4
390,0
391,10
392,14
393,1
394,1
395,2
396,12
397,10
398,16
399,13
400,2
401,13
402,0
403,0
404,15
405,3
406,14
407,16
408,16
409,18
410,1
411,7
412,18
413,3
414,4
415,1
416,11
417,3
418,7
419,8
420,1
421,0
422,18
423,4
424,5
425,13
426,0
427,7
428,14
429,5
430,9
431,5
432,14
433,12
434,4
435,0
436,2
437,1
438,11
439,6
440,7
441,10
442,7
443,4
444,5
445,1
446,11
447,10
448,6
449,3
450,18
451,4
452,3
453,0
454,16
455,4
456,0
457,8
458,16
459,10
460,6
461,0
462,0
463,0
464,0
465,5
466,13
467,16
468,10
469,1
470,0
471,18
472,4
473,12
474,12
475,4
476,5
477,0
478,14
479,4
480,1
481,13
482,11
483,0
484,16
485,3
486,17
487,5
488,2
489,14
490,11
491,13
492,2
493,6
494,17
495,16
496,1
497,18
498,0
499,5
500,4
501,17
502,0
503,12
504,10
505,15
506,2
507,14
508,0
509,2
510,5
511,12
512,3
513,8
514,0
515,8
516,5
517,12
518,10
519,5
520,8
521,12
522,4
523,0
524,12
525,3
526,7
527,4
528,0
529,3
530,3
531,17
532,11
533,7
534,10
535,0
536,2
537,11
538,0
539,1
540,11
541,3
542,6
543,16
544,18
545,6
546,17
547,16
548,3
549,4
550,4
551,2
552,2
553,5
554,3
555,1
556,2
557,11
558,7
559,3
560,8
561,10
562,8
563,4
564,0
565,13
566,0
567,12
568,4
569,6
570,1
571,12
572,4
573,16
574,6
575,0
576,4
577,3
578,10
579,2
580,0
581,15
582,14
583,0
584,18
585,0
586,9
587,12
588,5
589,8
590,5
591,7
592,4
593,8
594,13
595,0
596,3
597,16
598,7
599,7
600,0
601,1
602,3
603,18
604,2
605,17
606,11
607,11
608,16
609,4
610,0
611,10
612,1
613,1
614,2
615,10
616,8
617,4
618,4
619,4
620,3
621,3
622,7
623,8
624,16
625,15
626,9
627,7
628,8
629,3
630,12
631,5
632,2
633,2
634,12
635,5
636,16
637,7
638,9
639,4
640,4
641,6
642,3
643,8
644,4
645,12
646,9
647,4
648,0
649,2
650,13
651,0
652,0
653,0
654,5
655,8
656,3
657,14
658,17
659,14
660,12
661,5
662,17
663,14
664,9
665,7
666,7
667,12
668,5
669,6
670,13
671,15
672,7
673,9
674,6
675,2
676,0
677,12
678,11
679,12
680,0
681,12
682,12
683,7
684,10
685,11
686,8
687,17
688,1
689,14
690,16
691,5
692,0
693,10
694,7
695,6
696,17
697,4
698,16
699,4
700,13
701,2
702,16
703,12
704,4
705,9
706,14
707,6
708,2
709,16
710,0
711,12
712,1
713,4
714,16
715,7
716,16
717,6
718,7
719,7
720,7
721,13
722,5
723,4
724,4
725,0
726,12
727,4
728,13
729,9
730,1
731,0
732,14
733,1
734,1
735,1
736,6
737,10
738,0
739,5
740,16
741,7
742,5
743,12
744,7
745,10
746,4
747,9
748,0
749,12
750,13
751,6
752,0
753,0
754,9
755,9
756,8
757,1
758,1
759,9
760,10
761,12
762,5
763,8
764,3
765,14
766,12
767,3
768,0
769,0
770,4
771,18
772,0
773,3
774,5
775,14
776,0
777,18
778,4
779,10
780,18
781,9
782,13
783,8
784,16
785,0
786,12
787,12
788,7
789,13
790,1
791,6
792,7
793,12
794,3
795,4
796,14
797,7
798,15
799,12
800,7
801,6
802,7
803,6
804,1
805,18
806,9
807,17
808,1
809,10
810,10
811,17
812,14
813,2
814,1
815,11
816,1
817,3
818,16
819,7
820,5
821,9
822,7
823,13
824,16
825,0
826,5
827,16
828,4
829,3
830,5
831,7
832,18
833,16
834,2
835,13
836,0
837,13
838,10
839,2
840,0
841,0
842,7
843,2
844,12
845,0
846,3
847,7
848,0
849,0
850,14
851,12
852,4
853,12
854,17
855,3
856,18
857,11
858,3
859,9
860,5
861,16
862,12
863,5
864,13
865,2
866,13
867,3
868,16
869,10
870,18
871,7
872,0
873,6
874,4
875,8
876,12
877,2
878,5
879,0
880,6
881,15
882,15
883,8
884,7
885,6
886,6
887,11
888,0
889,5
890,13
891,18
892,0
893,16
894,13
895,0
896,2
897,11
898,17
899,7
900,4
901,8
902,13
903,1
904,1
905,15
906,4
907,3
908,12
909,11
910,17
911,0
912,4
913,0
914,8
915,4
916,17
917,4
918,8
919,6
920,13
921,0
922,6
923,15
924,16
925,2
926,12
927,9
928,0
929,12
930,16
931,1
932,6
933,4
934,0
935,7
936,9
937,9
938,0
939,0
940,4
941,4
942,13
943,4
944,1
945,10
946,0
947,0
948,7
949,10
950,1
951,14
952,0
953,0
954,13
955,5
956,4
957,7
958,15
959,1
960,5
961,0
962,10
963,6
964,4
965,0
966,2
967,1
968,9
969,1
970,17
971,7
972,0
973,13
974,0
975,0
976,13
977,0
978,1
979,0
980,13
981,12
982,3
983,3
984,0
985,4
986,12
987,0
988,5
989,0
990,5
991,12
992,0
993,2
994,10
995,6
996,12
997,16
998,18
999,8
1000,4
1001,4
1002,2
1003,12
1004,1
1005,8
1006,15
1007,11
1008,7
1009,9
1010,18
1011,0
1012,1
1013,9
1014,0
1015,4
1016,4
1017,11
1018,12
1019,13
1020,7
1021,12
1022,1
1023,14
1024,1
1025,3
1026,17
1027,0
1028,0
1029,18
1030,12
1031,5
1032,10
1033,8
1034,9
1035,17
1036,2
1037,12
1038,5
1039,3
1040,10
1041,1
1042,9
1043,0
1044,0
1045,7
1046,6
1047,3
1048,4
1049,10
1050,12
1051,12
1052,7
1053,10
1054,2
1055,9
1056,10
1057,10
1058,0
1059,10
1060,1
1061,0
1062,2
1063,10
1064,4
1065,12
1066,13
1067,14
1068,13
1069,0
1070,4
1071,10
1072,16
1073,14
1074,10
1075,4
1076,13
1077,1
1078,4
1079,16
1080,4
1081,4
1082,13
1083,3
1084,1
1085,0
1086,9
1087,12
1088,13
1089,10
1090,12
1091,16
1092,2
1093,16
1094,7
1095,6
1096,16
1097,10
1098,0
1099,14
1100,4
1101,12
1102,4
1103,2
1104,3
1105,3
1106,0
1107,1
1108,14
1109,7
1110,8
1111,1
1112,4
1113,1
1114,12
1115,8
1116,12
1117,2
1118,4
1119,0
1120,2
1121,0
1122,11
1123,17
1124,11
1125,14
1126,17
1127,3
1128,12
1129,13
1130,10
1131,3
1132,6
1133,6
1134,7
1135,4
1136,13
1137,4
1138,16
1139,16
1140,13
1141,15
1142,0
1143,9
1144,12
1145,9
1146,12
1147,0
1148,0
1149,0
1150,12
1151,16
1152,4
1153,9
1154,4
1155,9
1156,0
1157,1
1158,18
1159,16
1160,9
1161,18
1162,10
1163,1
1164,4
1165,9
1166,14
1167,10
1168,6
1169,2
1170,2
1171,10
1172,15
1173,0
1174,2
1175,6
1176,0
1177,13
1178,4
1179,10
1180,13
1181,1
1182,4
1183,5
1184,4
1185,0
1186,0
1187,4
1188,6
1189,4
1190,12
1191,10
1192,12
1193,14
1194,0
1195,6
1196,2
1197,5
1198,7
1199,18
1200,2
1201,3
1202,12
1203,17
1204,0
1205,0
1206,2
1207,1
1208,10
1209,15
1210,18
1211,18
1212,10
1213,1
1214,17
1215,16
1216,12
1217,15
1218,7
1219,4
1220,6
1221,6
1222,3
1223,16
1224,3
1225,3
1226,12
1227,13
1228,16
1229,16
1230,1
1231,6
1232,1
1233,7
1234,12
1235,11
1236,2
1237,11
1238,4
1239,12
1240,4
1241,0
1242,0
1243,0
1244,0
1245,5
1246,9
1247,17
1248,14
1249,18
1250,6
1251,9
1252,8
1253,4
1254,16
1255,17
1256,15
1257,1
1258,7
1259,12
1260,13
1261,10
1262,17
1263,17
1264,17
1265,3
1266,4
1267,5
1268,7
1269,7
1270,17
1271,9
1272,0
1273,16
1274,13
1275,6
1276,14
1277,0
1278,12
1279,0
1280,7
1281,7
1282,16
1283,12
1284,7
1285,1
1286,16
1287,10
1288,1
1289,18
1290,16
1291,0
1292,0
1293,16
1294,5
1295,13
1296,5
1297,3
1298,18
1299,4
1300,16
1301,0
1302,1
1303,0
1304,13
1305,6
1306,12
1307,10
1308,17
1309,18
1310,15
1311,11
1312,10
1313,3
1314,12
1315,17
1316,3
1317,12
1318,5
1319,11
1320,15
1321,4
1322,0
1323,0
1324,13
1325,11
1326,0
1327,0
1328,0
1329,9
1330,8
1331,16
1332,0
1333,7
1334,7
1335,3
1336,7
1337,2
1338,17
1339,18
1340,0
1341,0
1342,7
1343,6
1344,8
1345,5
1346,6
1347,10
1348,11
1349,7
1350,1
1351,6
1352,0
1353,3
1354,16
1355,4
1356,7
1357,8
1358,18
1359,1
1360,0
1361,14
1362,18
1363,13
1364,9
1365,14
1366,0
1367,18
1368,12
1369,16
1370,9
1371,1
1372,2
1373,0
1374,15
1375,11
1376,5
1377,0
1378,0
1379,8
1380,4
1381,15
1382,3
1383,4
1384,13
1385,6
1386,6
1387,0
1388,15
1389,11
1390,2
1391,5
1392,4
1393,9
1394,16
1395,4
1396,0
1397,4
1398,14
1399,3
1400,5
1401,10
1402,10
1403,2
1404,10
1405,10
1406,8
1407,13
1408,12
1409,3
1410,12
1411,3
1412,16
1413,5
1414,4
1415,8
1416,6
1417,12
1418,0
1419,6
1420,0
1421,4
1422,12
1423,7
1424,0
1425,12
1426,7
1427,0
1428,13
1429,3
1430,12
1431,18
1432,4
1433,16
1434,9
1435,3
1436,0
1437,1
1438,4
1439,5
1440,10
1441,15
1442,4
1443,13
1444,4
1445,4
1446,4
1447,7
1448,0
1449,12
1450,2
1451,14
1452,0
1453,2
1454,0
1455,8
1456,5
1457,0
1458,8
1459,13
1460,13
1461,4
1462,1
1463,15
1464,17
1465,18
1466,13
1467,7
1468,1
1469,9
1470,4
1471,12
1472,3
1473,9
1474,13
1475,6
1476,14
1477,14
1478,16
1479,3
1480,3
1481,4
1482,4
1483,5
1484,9
1485,5
1486,15
1487,1
1488,11
1489,0
1490,0
1491,18
1492,18
1493,0
1494,12
1495,12
1496,7
1497,5
1498,0
1499,10
1500,17
1501,10
1502,14
1503,4
1504,0
1505,12
1506,8
1507,7
1508,4
1509,7
1510,1
1511,0
1512,9
1513,0
1514,12
1515,6
1516,5
1517,8
1518,7
1519,0
1520,0
1521,8
1522,3
1523,7
1524,16
1525,13
1526,7
1527,10
1528,4
1529,10
1530,8
1531,18
1532,4
1533,1
1534,14
1535,9
1536,7
1537,14
1538,8
1539,9
1540,9
1541,12
1542,3
1543,0
1544,4
1545,4
1546,10
1547,11
1548,16
1549,4
1550,14
1551,5
1552,9
1553,0
1554,1
1555,0
1556,10
1557,7
1558,17
1559,6
1560,16
1561,16
1562,8
1563,10
1564,10
1565,6
1566,5
1567,12
1568,13
1569,0
1570,0
1571,18
1572,4
1573,18
1574,4
1575,1
1576,10
1577,16
1578,12
1579,4
1580,0
1581,16
1582,0
1583,15
1584,8
1585,11
1586,12
1587,2
1588,5
1589,7
1590,12
1591,4
1592,7
1593,9
1594,2
1595,12
1596,11
1597,18
1598,7
1599,14
1600,4
1601,8
1602,7
1603,17
1604,14
1605,7
1606,6
1607,6
1608,10
1609,2
1610,1
1611,9
1612,0
1613,0
1614,2
1615,0
1616,14
1617,16
1618,10
1619,10
1620,0
1621,4
1622,15
1623,12
1624,4
1625,0
1626,5
1627,8
1628,0
1629,7
1630,11
1631,12
1632,5
1633,9
1634,13
1635,12
1636,6
1637,17
1638,18
1639,10
1640,5
1641,8
1642,8
1643,11
1644,11
1645,13
1646,4
1647,13
1648,16
1649,18
1650,3
1651,2
1652,12
1653,13
1654,4
1655,5
1656,0
1657,11
1658,9
1659,0
1660,13
1661,12
1662,12
1663,4
1664,16
1665,1
1666,6
1667,0
1668,12
1669,4
1670,4
1671,10
1672,12
1673,3
1674,4
1675,4
1676,7
1677,3
1678,12
1679,6
1680,8
1681,10
1682,2
1683,0
1684,0
1685,9
1686,1
1687,1
1688,8
1689,6
1690,0
1691,5
1692,2
1693,5
1694,17
1695,0
1696,14
1697,12
1698,5
1699,0
1700,3
1701,5
1702,3
1703,4
1704,0
1705,12
1706,14
1707,7
1708,13
1709,2
1710,7
1711,3
1712,17
1713,0
1714,15
1715,5
1716,7
1717,0
1718,1
1719,10
1720,8
1721,4
1722,16
1723,12
1724,13
1725,7
1726,6
1727,1
1728,3
1729,12
1730,14
1731,6
1732,4
1733,13
1734,0
1735,1
1736,18
1737,13
1738,0
1739,18
1740,0
1741,3
1742,7
1743,7
1744,7
1745,1
1746,15
1747,12
1748,9
1749,9
1750,0
1751,0
1752,0
1753,2
1754,0
1755,12
1756,10
1757,2
1758,13
1759,3
1760,9
1761,8
1762,13
1763,14
1764,9
1765,3
1766,7
1767,4
1768,7
1769,16
1770,4
1771,4
1772,5
1773,18
1774,3
1775,4
1776,9
1777,4
1778,12
1779,1
1780,8
1781,16
1782,0
1783,0
1784,2
1785,18
1786,3
1787,17
1788,14
1789,5
1790,6
1791,14
1792,8
1793,7
1794,4
1795,12
1796,1
1797,14
1798,1
1799,11
1800,13
1801,9
1802,0
1803,9
1804,14
1805,0
1806,13
1807,7
1808,10
1809,0
1810,0
1811,4
1812,1
1813,13
1814,5
1815,7
1816,9
1817,15
1818,14
1819,4
1820,17
1821,16
1822,12
1823,12
1824,0
1825,9
1826,14
1827,4
1828,1
1829,18
1830,1
1831,16
1832,16
1833,15
1834,4
1835,17
1836,0
1837,6
1838,14
1839,9
1840,3
1841,0
1842,13
1843,4
1844,1
1845,5
1846,0
1847,10
1848,7
1849,8
1850,10
1851,5
1852,5
1853,11
1854,8
1855,17
1856,18
1857,16
1858,9
1859,5
1860,0
1861,1
1862,7
1863,16
1864,3
1865,10
1866,10
1867,0
1868,12
1869,0
1870,3
1871,16
1872,12
1873,0
1874,3
1875,7
1876,2
1877,4
1878,12
1879,13
1880,17
1881,11
1882,7
1883,6
1884,18
1885,5
1886,1
1887,8
1888,7
1889,18
1890,12
1891,10
1892,12
1893,5
1894,7
1895,3
1896,0
1897,5
1898,4
1899,7
1900,15
1901,5
1902,17
1903,9
1904,8
1905,9
1906,1
1907,2
1908,12
1909,2
1910,12
1911,11
1912,12
1913,5
1914,12
1915,2
1916,7
1917,0
1918,14
1919,3
1920,1
1921,11
1922,3
1923,5
1924,14
1925,7
1926,6
1927,7
1928,8
1929,2
1930,0
1931,4
1932,9
1933,1
1934,13
1935,0
1936,10
1937,10
1938,16
1939,2
1940,12
1941,10
1942,13
1943,6
1944,14
1945,9
1946,12
1947,2
1948,13
1949,4
1950,13
1951,1
1952,1
1953,17
1954,2
1955,12
1956,9
1957,13
1958,0
1959,10
1960,16
1961,16
1962,10
1963,17
1964,4
1965,0
1966,17
1967,0
1968,16
1969,16
1970,2
1971,1
1972,12
1973,8
1974,11
1975,4
1976,1
1977,4
1978,4
1979,8
1980,13
1981,9
1982,3
1983,9
1984,1
1985,4
1986,7
1987,12
1988,4
1989,2
1990,17
1991,9
1992,5
1993,14
1994,11
1995,7
1996,11
1997,12
1998,10
1999,0
2000,12
2001,1
2002,10
2003,0
2004,10
2005,4
2006,2
2007,16
2008,12
2009,0
2010,5
2011,15
2012,10
2013,5
2014,7
2015,6
2016,3
2017,2
2018,10
2019,9
2020,7
2021,11
2022,6
2023,3
2024,8
2025,1
2026,10
2027,8
2028,0
2029,3
2030,9
2031,14
2032,6
2033,0
2034,12
2035,7
2036,7
2037,12
2038,16
2039,0
2040,0
2041,6
2042,7
2043,3
2044,3
2045,0
2046,4
2047,0
2048,9
2049,11
2050,0
2051,8
2052,4
2053,17
2054,17
2055,12
2056,1
2057,13
2058,12
2059,13
2060,2
2061,5
2062,1
2063,16
2064,14
2065,18
2066,18
2067,3
2068,6
2069,0
2070,10
2071,1
2072,17
2073,1
2074,1
2075,0
2076,9
2077,5
2078,15
2079,3
2080,0
2081,0
2082,4
2083,16
2084,5
2085,16
2086,6
2087,0
2088,6
2089,14
2090,4
2091,12
2092,13
2093,5
2094,16
2095,7
2096,1
2097,7
2098,16
2099,0
2100,2
2101,17
2102,5
2103,14
2104,15
2105,5
2106,6
2107,6
2108,0
2109,7
2110,12
2111,10
2112,9
2113,0
2114,11
2115,6
2116,16
2117,18
2118,4
2119,5
2120,0
2121,14
2122,3
2123,7
2124,10
2125,12
2126,10
2127,5
2128,3
2129,4
2130,10
2131,7
2132,4
2133,12
2134,0
2135,5
2136,0
2137,4
2138,1
2139,7
2140,0
2141,16
2142,17
2143,10
2144,17
2145,9
2146,14
2147,6
2148,12
2149,6
2150,4
2151,17
2152,3
2153,12
2154,1
2155,12
2156,12
2157,13
2158,3
2159,14
2160,16
2161,13
2162,1
2163,9
2164,12
2165,10
2166,0
2167,12
2168,7
2169,18
2170,18
2171,6
2172,0
2173,7
2174,18
2175,14
2176,17
2177,5
2178,11
2179,6
2180,9
2181,6
2182,4
2183,12
2184,14
2185,6
2186,16
2187,12
2188,7
2189,0
2190,14
2191,15
2192,16
2193,0
2194,9
2195,4
2196,5
2197,2
2198,5
2199,5
2200,3
2201,18
2202,4
2203,14
2204,12
2205,16
2206,8
2207,4
2208,1
2209,2
2210,0
2211,14
2212,9
2213,18
2214,4
2215,15
2216,14
2217,1
2218,11
2219,12
2220,1
2221,12
2222,5
2223,3
2224,0
2225,0
2226,6
2227,10
2228,2
2229,11
2230,3
2231,1
2232,12
2233,8
2234,10
2235,5
2236,4
2237,3
2238,1
2239,0
2240,7
2241,3
2242,0
2243,10
2244,2
2245,15
2246,14
2247,0
2248,2
2249,16
2250,15
2251,0
2252,10
2253,16
2254,1
2255,2
2256,0
2257,7
2258,13
2259,9
2260,4
2261,0
2262,16
2263,3
2264,7
2265,9
2266,1
2267,18
2268,13
2269,8
2270,13
2271,6
2272,13
2273,12
2274,12
2275,2
2276,7
2277,0
2278,15
2279,0
2280,12
2281,2
2282,13
2283,17
2284,12
2285,16
2286,1
2287,4
2288,10
2289,12
2290,7
2291,15
2292,0
2293,7
2294,5
2295,9
2296,10
2297,12
2298,16
2299,0
2300,8
2301,7
2302,12
2303,9
2304,3
2305,15
2306,3
2307,16
2308,4
2309,10
2310,13
2311,0
2312,18
2313,16
2314,3
2315,12
2316,17
2317,13
2318,0
2319,15
2320,1
2321,14
2322,5
2323,0
2324,0
2325,1
2326,6
2327,6
2328,16
2329,14
2330,11
2331,12
2332,18
2333,14
2334,6
2335,4
2336,1
2337,11
2338,5
2339,13
2340,4
2341,1
2342,16
2343,9
2344,13
2345,0
2346,8
2347,0
2348,16
2349,3
2350,17
2351,2
2352,12
2353,0
2354,17
2355,8
2356,12
2357,2
2358,11
2359,0
2360,8
2361,7
2362,2
2363,12
2364,1
2365,3
2366,1
2367,4
2368,12
2369,14
2370,4
2371,10
2372,1
2373,2
2374,3
2375,1
2376,7
2377,3
2378,10
2379,0
2380,11
2381,13
2382,16
2383,4
2384,5
2385,3
2386,1
2387,10
2388,10
2389,12
2390,0
2391,4
2392,14
2393,7
2394,17
2395,5
2396,6
2397,9
2398,0
2399,7
2400,15
2401,13
2402,18
2403,6
2404,17
2405,7
2406,9
2407,8
2408,1
2409,0
2410,13
2411,7
2412,0
2413,0
2414,3
2415,6
2416,3
2417,9
2418,7
2419,10
2420,9
2421,10
2422,16
2423,14
2424,10
2425,0
2426,12
2427,6
2428,7
2429,0
2430,10
2431,11
2432,11
2433,13
2434,15
2435,3
2436,11
2437,0
2438,18
2439,16
2440,0
2441,0
2442,1
2443,15
2444,14
2445,0
2446,8
2447,6
2448,4
2449,18
2450,10
2451,14
2452,3
2453,0
2454,14
2455,11
2456,4
2457,11
2458,13
2459,14
2460,4
2461,10
2462,11
2463,12
2464,0
2465,18
2466,12
2467,2
2468,16
2469,16
2470,6
2471,11
2472,10
2473,11
2474,10
2475,4
2476,13
2477,1
2478,9
2479,12
2480,0
2481,13
2482,16
2483,3
2484,16
2485,16
2486,5
2487,13
2488,3
2489,14
2490,4
2491,3
2492,10
2493,9
2494,0
2495,4
2496,5
2497,4
2498,6
2499,5
2500,0
2501,16
2502,2
2503,11
2504,2
2505,3
2506,14
2507,6
2508,6
2509,15
2510,4
2511,3
2512,10
2513,6
2514,8
2515,2
2516,10
2517,1
2518,13
2519,7
2520,0
2521,12
2522,7
2523,5
2524,9
2525,10
2526,4
2527,6
2528,2
2529,5
2530,3
2531,17
2532,10
2533,6
2534,5
2535,17
2536,0
2537,10
2538,9
2539,12
2540,7
2541,3
2542,12
2543,8
2544,0
2545,3
2546,5
2547,5
2548,4
2549,15
2550,17
2551,7
2552,15
2553,4
2554,0
2555,16
2556,16
2557,18
2558,7
2559,0
2560,10
2561,15
2562,5
2563,18
2564,8
2565,0
2566,3
2567,9
2568,9
2569,4
2570,11
2571,1
2572,14
2573,10
2574,10
2575,14
2576,7
2577,2
2578,12
2579,12
2580,12
2581,3
2582,4
2583,8
2584,2
2585,10
2586,0
2587,12
2588,6
2589,16
2590,6
2591,0
2592,4
2593,8
2594,1
2595,12
2596,13
2597,5
2598,15
2599,8
2600,4
2601,18
2602,4
2603,14
2604,16
2605,16
2606,4
2607,7
2608,4
2609,15
2610,16
2611,0
2612,5
2613,0
2614,5
2615,6
2616,1
2617,12
2618,13
2619,4
2620,0
2621,10
2622,13
2623,12
2624,0
2625,5
2626,3
2627,9
2628,8
2629,13
2630,1
2631,10
2632,0
2633,18
2634,0
2635,8
2636,0
2637,12
2638,6
2639,2
2640,4
2641,10
2642,0
2643,14
2644,0
2645,11
2646,10
2647,10
2648,12
2649,7
2650,5
2651,16
2652,12
2653,18
2654,12
2655,12
2656,0
2657,0
2658,10
2659,12
2660,7
2661,6
2662,13
2663,13
2664,5
2665,12
2666,15
2667,6
2668,12
2669,8
2670,6
2671,12
2672,0
2673,9
2674,0
2675,10
2676,11
2677,3
2678,12
2679,12
2680,1
2681,0
2682,6
2683,1
2684,2
2685,6
2686,10
2687,1
2688,4
2689,0
2690,17
2691,12
2692,11
2693,9
2694,14
2695,2
2696,4
2697,17
2698,5
2699,9
2700,1
2701,3
2702,1
2703,16
2704,2
2705,5
2706,6
2707,13
2708,0
2709,4
2710,0
2711,9
2712,16
2713,6
2714,3
2715,9
2716,4
2717,14
2718,3
2719,9
2720,18
2721,0
2722,18
2723,0
2724,14
2725,0
2726,9
2727,4
2728,18
2729,7
2730,11
2731,7
2732,12
2733,18
2734,8
2735,4
2736,10
2737,9
2738,14
2739,9
2740,13
2741,10
2742,18
2743,9
2744,4
2745,12
2746,12
2747,16
2748,14
2749,6
2750,1
2751,1
2752,0
2753,4
2754,12
2755,17
2756,4
2757,6
2758,10
2759,0
2760,3
2761,1
2762,16
2763,7
2764,13
2765,10
2766,3
2767,4
2768,15
2769,12
2770,4
2771,4
2772,5
2773,17
2774,6
2775,0
2776,3
2777,2
2778,12
2779,0
2780,9
2781,9
2782,0
2783,6
2784,4
2785,9
2786,10
2787,0
2788,14
2789,15
2790,1
2791,1
2792,5
2793,6
2794,0
2795,11
2796,7
2797,4
2798,6
2799,14
2800,16
2801,5
2802,6
2803,9
2804,16
2805,9
2806,0
2807,4
2808,4
2809,0
2810,3
2811,14
2812,3
2813,0
2814,8
2815,16
2816,14
2817,4
2818,2
2819,14
2820,10
2821,3
2822,12
2823,3
2824,16
2825,9
2826,0
2827,14
2828,2
2829,16
2830,1
2831,14
2832,2
2833,1
2834,12
2835,14
2836,16
2837,5
2838,8
2839,3
2840,18
2841,12
2842,3
2843,9
2844,0
2845,10
2846,6
2847,18
2848,9
2849,16
2850,4
2851,1
2852,5
2853,1
2854,3
2855,10
2856,4
2857,8
2858,0
2859,1
2860,12
2861,1
2862,16
2863,1
2864,0
2865,3
2866,16
2867,0
2868,16
2869,13
2870,4
2871,10
2872,16
2873,11
2874,10
2875,10
2876,13
2877,10
2878,9
2879,11
2880,12
2881,0
2882,6
2883,1
2884,9
2885,0
2886,14
2887,4
2888,4
2889,10
2890,5
2891,17
2892,12
2893,17
2894,9
2895,0
2896,0
2897,13
2898,0
2899,3
2900,7
2901,17
2902,7
2903,12
2904,6
2905,5
2906,4
2907,12
2908,9
2909,13
2910,10
2911,14
2912,0
2913,9
2914,6
2915,7
2916,11
2917,0
2918,13
2919,12
2920,12
2921,12
2922,18
2923,17
2924,0
2925,13
2926,0
2927,13
2928,8
2929,6
2930,4
2931,6
2932,0
2933,13
2934,3
2935,18
2936,4
2937,4
2938,3
2939,1
2940,13
2941,1
2942,1
2943,13
2944,8
2945,0
2946,10
2947,12
2948,11
2949,4
2950,5
2951,6
2952,3
2953,10
2954,6
2955,8
2956,15
2957,10
2958,1
2959,9
2960,9
2961,12
2962,1
2963,4
2964,9
2965,10
2966,8
2967,14
2968,7
2969,2
2970,17
2971,15
2972,17
2973,12
2974,4
2975,7
2976,3
2977,12
2978,14
2979,1
2980,12
2981,4
2982,1
2983,12
2984,12
2985,3
2986,5
2987,13
2988,10
2989,7
2990,3
2991,13
2992,0
2993,9
2994,10
2995,5
2996,0
2997,7
2998,13
2999,0
3000,9
3001,10
3002,3
3003,14
3004,4
3005,7
3006,12
3007,8
3008,5
3009,0
3010,5
3011,7
3012,14
3013,0
3014,0
3015,12
3016,4
3017,9
3018,16
3019,3
3020,5
3021,2
3022,7
3023,1
3024,15
3025,9
3026,16
3027,9
3028,7
3029,4
3030,4
3031,18
3032,12
3033,18
3034,5
3035,17
3036,5
3037,0
3038,7
3039,11
3040,7
3041,12
3042,11
3043,2
3044,11
3045,14
3046,4
3047,11
3048,18
3049,17
3050,13
3051,1
3052,10
3053,14
3054,4
3055,12
3056,0
3057,12
3058,3
3059,13
3060,16
3061,18
3062,0
3063,10
3064,4
3065,18
3066,13
3067,0
3068,12
3069,13
3070,0
3071,6
3072,3
3073,5
3074,12
3075,17
3076,15
3077,16
3078,0
3079,5
3080,9
3081,12
3082,13
3083,0
3084,10
3085,1
3086,10
3087,1
3088,5
3089,10
3090,4
3091,15
3092,7
3093,7
3094,13
3095,7
3096,17
3097,8
3098,10
3099,0
3100,7
3101,12
3102,18
3103,0
3104,10
3105,4
3106,16
3107,7
3108,3
3109,13
3110,0
3111,0
3112,11
3113,13
3114,0
3115,13
3116,7
3117,0
3118,3
3119,7
3120,10
3121,3
3122,5
3123,3
3124,13
3125,4
3126,1
3127,0
3128,6
3129,5
3130,9
3131,2
3132,4
3133,1
3134,12
3135,0
3136,9
3137,2
3138,9
3139,0
3140,1
3141,3
3142,3
3143,6
3144,14
3145,14
3146,14
3147,13
3148,14
3149,18
3150,16
3151,14
3152,17
3153,13
3154,0
3155,1
3156,7
3157,12
3158,3
3159,5
3160,17
3161,8
3162,15
3163,14
3164,12
3165,5
3166,4
3167,3
3168,6
3169,1
3170,13
3171,1
3172,13
3173,0
3174,0
3175,10
3176,10
3177,3
3178,5
3179,11
3180,2
3181,6
3182,5
3183,14
3184,0
3185,0
3186,10
3187,9
3188,5
3189,3
3190,15
3191,9
3192,3
3193,0
3194,5
3195,0
3196,10
3197,11
3198,9
3199,12
3200,3
3201,16
3202,14
3203,15
3204,5
3205,6
3206,0
3207,10
3208,0
3209,8
3210,10
3211,0
3212,0
3213,5
3214,0
3215,4
3216,14
3217,15
3218,2
3219,12
3220,1
3221,2
3222,10
3223,1
3224,9
3225,0
3226,7
3227,18
3228,5
3229,1
3230,1
3231,13
3232,0
3233,5
3234,2
3235,4
3236,12
3237,14
3238,1
3239,0
3240,3
3241,2
3242,10
3243,12
3244,2
3245,0
3246,12
3247,6
3248,0
3249,12
3250,6
3251,3
3252,4
3253,3
3254,10
3255,13
3256,11
3257,14
3258,12
3259,0
3260,12
3261,0
3262,0
3263,5
3264,7
3265,10
3266,14
3267,1
3268,7
3269,6
3270,11
3271,18
3272,4
3273,0
3274,18
3275,1
3276,0
3277,1
3278,3
3279,13
3280,12
3281,5
3282,1
3283,13
3284,2
3285,13
3286,18
3287,16
3288,0
3289,5
3290,15
3291,6
3292,8
3293,6
3294,14
3295,0
3296,4
3297,0
3298,11
3299,0
3300,9
3301,16
3302,16
3303,10
3304,3
3305,7
3306,4
3307,4
3308,0
3309,3
3310,7
3311,10
3312,4
3313,0
3314,7
3315,4
3316,12
3317,0
3318,16
3319,16
3320,10
3321,1
3322,6
3323,7
3324,8
3325,16
3326,3
3327,9
3328,1
3329,1
3330,0
3331,0
3332,16
3333,13
3334,8
3335,18
3336,8
3337,5
3338,6
3339,12
3340,15
3341,4
3342,9
3343,7
3344,7
3345,12
3346,15
3347,4
3348,4
3349,10
3350,8
3351,3
3352,18
3353,7
3354,1
3355,10
3356,6
3357,5
3358,3
3359,0
3360,0
3361,14
3362,1
3363,4
3364,0
3365,12
3366,16
3367,4
3368,11
3369,0
3370,11
3371,11
3372,4
3373,0
3374,4
3375,14
3376,10
3377,3
3378,16
3379,15
3380,10
3381,4
3382,8
3383,6
3384,4
3385,0
3386,15
3387,4
3388,0
3389,18
3390,12
3391,3
3392,3
3393,4
3394,12
3395,14
3396,9
3397,0
3398,5
3399,0
3400,0
3401,13
3402,10
3403,3
3404,10
3405,16
3406,7
3407,12
3408,0
3409,6
3410,15
3411,1
3412,2
3413,15
3414,14
3415,4
3416,10
3417,13
3418,1
3419,14
3420,1
3421,1
3422,4
3423,6
3424,5
3425,5
3426,4
3427,13
3428,7
3429,5
3430,0
3431,10
3432,6
3433,9
3434,9
3435,8
3436,14
3437,6
3438,4
3439,12
3440,6
3441,1
3442,12
3443,3
3444,16
3445,5
3446,18
3447,11
3448,0
3449,12
3450,16
3451,8
3452,15
3453,4
3454,0
3455,12
3456,9
3457,9
3458,5
3459,10
3460,6
3461,1
3462,2
3463,7
3464,0
3465,12
3466,3
3467,6
3468,14
3469,12
3470,4
3471,10
3472,14
3473,13
3474,16
3475,12
3476,9
3477,0
3478,6
3479,9
3480,11
3481,7
3482,6
3483,9
3484,11
3485,6
3486,12
3487,3
3488,14
3489,0
3490,17
3491,14
3492,13
3493,18
3494,17
3495,10
3496,16
3497,0
3498,6
3499,9
3500,0
3501,1
3502,1
3503,12
3504,4
3505,0
3506,8
3507,15
3508,3
3509,4
3510,1
3511,12
3512,7
3513,4
3514,18
3515,1
3516,7
3517,3
3518,1
3519,4
3520,11
3521,12
3522,10
3523,17
3524,0
3525,14
3526,14
3527,0
3528,5
3529,3
3530,12
3531,12
3532,0
3533,0
3534,9
3535,12
3536,8
3537,13
3538,16
3539,13
3540,10
3541,9
3542,9
3543,18
3544,17
3545,2
3546,3
3547,9
3548,10
3549,16
3550,18
3551,12
3552,11
3553,16
3554,12
3555,2
3556,10
3557,4
3558,0
3559,12
3560,4
3561,12
3562,0
3563,3
3564,9
3565,1
3566,8
3567,9
3568,6
3569,18
3570,0
3571,12
3572,0
3573,13
3574,6
3575,5
3576,3
3577,7
3578,17
3579,15
3580,0
3581,1
3582,14
3583,8
3584,6
3585,1
3586,13
3587,9
3588,1
3589,0
3590,10
3591,16
3592,1
3593,11
3594,16
3595,2
3596,12
3597,4
3598,1
3599,16
3600,6
3601,4
3602,10
3603,18
3604,0
3605,10
3606,1
3607,0
3608,18
3609,0
3610,16
3611,8
3612,7
3613,10
3614,12
3615,9
3616,1
3617,6
3618,3
3619,1
3620,10
3621,18
3622,7
3623,5
3624,1
3625,5
3626,8
3627,6
3628,5
3629,4
3630,7
3631,4
3632,1
3633,4
3634,5
3635,13
3636,16
3637,14
3638,14
3639,10
3640,13
3641,16
3642,5
3643,8
3644,15
3645,9
3646,8
3647,12
3648,1
3649,0
3650,4
3651,6
3652,7
3653,9
3654,5
3655,4
3656,6
3657,13
3658,0
3659,13
3660,11
3661,0
3662,14
3663,1
3664,14
3665,3
3666,0
3667,4
3668,5
3669,10
3670,0
3671,3
3672,0
3673,5
3674,6
3675,15
3676,5
3677,2
3678,1
3679,2
3680,0
3681,10
3682,1
3683,3
3684,10
3685,3
3686,4
3687,8
3688,7
3689,1
3690,1
3691,13
3692,9
3693,18
3694,16
3695,3
3696,0
3697,17
3698,7
3699,0
3700,0
3701,12
3702,0
3703,9
3704,9
3705,7
3706,0
3707,3
3708,1
3709,0
3710,3
3711,15
3712,16
3713,0
3714,10
3715,5
3716,1
3717,14
3718,6
3719,16
3720,9
3721,6
3722,8
3723,0
3724,14
3725,0
3726,12
3727,14
3728,2
3729,12
3730,18
3731,18
3732,10
3733,12
3734,12
3735,14
3736,10
3737,17
3738,12
3739,1
3740,3
3741,8
3742,0
3743,5
3744,11
3745,9
3746,0
3747,16
3748,6
3749,4
3750,1
3751,13
3752,7
3753,16
3754,12
3755,13
3756,8
3757,12
3758,2
3759,12
3760,16
3761,4
3762,12
3763,9
3764,13
3765,14
3766,4
3767,7
3768,2
3769,7
3770,14
3771,0
3772,13
3773,8
3774,4
3775,1
3776,17
3777,1
3778,15
3779,0
3780,4
3781,16
3782,0
3783,12
3784,10
3785,4
3786,12
3787,16
3788,3
3789,0
3790,6
3791,4
3792,4
3793,12
3794,16
3795,11
3796,10
3797,13
3798,8
3799,1
3800,12
3801,1
3802,1
3803,4
3804,13
3805,0
3806,9
3807,11
3808,9
3809,12
3810,0
3811,16
3812,12
3813,1
3814,4
3815,2
3816,9
3817,16
3818,0
3819,12
3820,10
3821,3
3822,13
3823,3
3824,2
3825,12
3826,1
3827,1
3828,15
3829,2
3830,4
3831,8
3832,4
3833,0
3834,9
3835,10
3836,16
3837,0
3838,3
3839,4
3840,4
3841,0
3842,4
3843,18
3844,9
3845,17
3846,12
3847,16
3848,9
3849,5
3850,15
3851,2
3852,13
3853,4
3854,4
3855,6
3856,4
3857,7
3858,6
3859,8
3860,12
3861,9
3862,16
3863,7
3864,7
3865,10
3866,3
3867,15
3868,3
3869,14
3870,10
3871,0
3872,0
3873,1
3874,7
3875,0
3876,18
3877,13
3878,0
3879,1
3880,1
3881,0
3882,9
3883,0
3884,5
3885,7
3886,1
3887,11
3888,10
3889,4
3890,0
3891,4
3892,7
3893,0
3894,17
3895,0
3896,2
3897,14
3898,13
3899,7
3900,0
3901,5
3902,4
3903,1
3904,10
3905,5
3906,2
3907,10
3908,10
3909,6
3910,11
3911,15
3912,12
3913,4
3914,16
3915,9
3916,10
3917,15
3918,9
3919,17
3920,15
3921,0
3922,12
3923,3
3924,0
3925,0
3926,14
3927,3
3928,0
3929,0
3930,3
3931,0
3932,1
3933,2
3934,13
3935,12
3936,6
3937,0
3938,12
3939,13
3940,18
3941,6
3942,17
3943,0
3944,6
3945,4
3946,4
3947,7
3948,8
3949,0
3950,0
3951,12
3952,1
3953,5
3954,2
3955,12
3956,2
3957,0
3958,7
3959,0
3960,4
3961,7
3962,4
3963,10
3964,6
3965,0
3966,0
3967,2
3968,12
3969,13
3970,18
3971,2
3972,0
3973,14
3974,16
3975,3
3976,7
3977,1
3978,0
3979,1
3980,0
3981,0
3982,5
3983,3
3984,16
3985,14
3986,9
3987,12
3988,14
3989,12
3990,4
3991,14
3992,0
3993,7
3994,16
3995,6
3996,1
3997,16
3998,8
3999,1
4000,12
4001,15
4002,4
4003,4
4004,4
4005,4
4006,14
4007,5
4008,5
4009,12
4010,3
4011,3
4012,16
4013,8
4014,1
4015,11
4016,4
4017,3
4018,14
4019,6
4020,2
4021,7
4022,5
4023,12
4024,13
4025,11
4026,14
4027,18
4028,14
4029,4
4030,12
4031,14
4032,12
4033,0
4034,1
4035,12
4036,1
4037,18
4038,12
4039,9
4040,4
4041,8
4042,4
4043,16
4044,14
4045,16
4046,7
4047,10
4048,18
4049,3
4050,17
4051,16
4052,8
4053,0
4054,0
4055,14
4056,6
4057,4
4058,5
4059,3
4060,0
4061,4
4062,5
4063,7
4064,17
4065,14
4066,12
4067,7
4068,10
4069,13
4070,3
4071,7
4072,3
4073,0
4074,0
4075,18
4076,14
4077,13
4078,1
4079,17
4080,0
4081,0
4082,12
4083,10
4084,14
4085,12
4086,18
4087,13
4088,4
4089,1
4090,1
4091,12
4092,1
4093,4
4094,1
4095,0
4096,18
4097,1
4098,12
4099,17
4100,6
4101,17
4102,12
4103,4
4104,1
4105,17
4106,1
4107,4
4108,5
4109,17
4110,0
4111,11
4112,1
4113,17
4114,4
4115,1
4116,18
4117,4
4118,13
4119,10
4120,8
4121,0
4122,10
4123,12
4124,0
4125,4
4126,0
4127,1
4128,0
4129,3
4130,2
4131,0
4132,1
4133,13
4134,10
4135,14
4136,3
4137,9
4138,17
4139,11
4140,18
4141,4
4142,4
4143,1
4144,16
4145,8
4146,17
4147,9
4148,2
4149,10
4150,4
4151,4
4152,11
4153,6
4154,14
4155,10
4156,16
4157,6
4158,3
4159,4
4160,12
4161,8
4162,3
4163,0
4164,7
4165,0
4166,17
4167,12
4168,9
4169,16
4170,7
4171,5
4172,15
4173,7
4174,10
4175,4
4176,0
4177,9
4178,5
4179,7
4180,0
4181,15
4182,4
4183,4
4184,16
4185,0
4186,15
4187,17
4188,0
4189,1
4190,5
4191,3
4192,6
4193,12
4194,13
4195,7
4196,4
4197,5
4198,9
4199,1
4200,7
4201,1
4202,16
4203,13
4204,14
4205,9
4206,4
4207,3
4208,2
4209,12
4210,1
4211,14
4212,11
4213,17
4214,6
4215,2
4216,13
4217,6
4218,3
4219,4
4220,6
4221,14
4222,4
4223,17
4224,15
4225,14
4226,7
4227,4
4228,0
4229,4
4230,1
4231,2
4232,1
4233,0
4234,1
4235,11
4236,1
4237,7
4238,5
4239,12
4240,9
4241,8
4242,3
4243,16
4244,9
4245,9
4246,2
4247,1
4248,6
4249,11
4250,5
4251,18
4252,1
4253,1
4254,3
4255,15
4256,7
4257,18
4258,10
4259,9
4260,2
4261,1
4262,5
4263,5
4264,13
4265,10
4266,13
4267,3
4268,6
4269,4
4270,4
4271,0
4272,6
4273,15
4274,11
4275,10
4276,16
4277,1
4278,0
4279,2
4280,5
4281,13
4282,8
4283,16
4284,12
4285,3
4286,4
4287,12
4288,4
4289,4
4290,14
4291,12
4292,4
4293,0
4294,9
4295,7
4296,9
4297,0
4298,10
4299,13
4300,7
4301,4
4302,17
4303,4
4304,2
4305,1
4306,4
4307,7
4308,12
4309,17
4310,6
4311,12
4312,13
4313,0
4314,17
4315,10
4316,10
4317,16
4318,7
4319,7
4320,3
4321,3
4322,0
4323,10
4324,12
4325,3
4326,0
4327,5
4328,5
4329,14
4330,7
4331,0
4332,12
4333,13
4334,4
4335,7
4336,8
4337,12
4338,4
4339,3
4340,6
4341,0
4342,15
4343,2
4344,15
4345,4
4346,5
4347,13
4348,4
4349,1
4350,4
4351,2
4352,10
4353,4
4354,4
4355,18
4356,12
4357,13
4358,8
4359,6
4360,11
4361,7
4362,0
4363,0
4364,14
4365,15
4366,8
4367,14
4368,11
4369,18
4370,0
4371,12
4372,12
4373,14
4374,12
4375,12
4376,13
4377,7
4378,15
4379,16
4380,7
4381,9
4382,3
4383,7
4384,13
4385,15
4386,13
4387,4
4388,2
4389,0
4390,1
4391,2
4392,13
4393,17
4394,4
4395,13
4396,11
4397,1
4398,14
4399,1
4400,6
4401,12
4402,13
4403,9
4404,6
4405,10
4406,2
4407,12
4408,1
4409,0
4410,3
4411,4
4412,13
4413,2
4414,4
4415,6
4416,4
4417,7
4418,0
4419,8
4420,16
4421,16
4422,11
4423,0
4424,4
4425,1
4426,4
4427,4
4428,11
4429,3
4430,10
4431,0
4432,9
4433,5
4434,0
4435,1
4436,10
4437,8
4438,12
4439,14
4440,11
4441,11
4442,0
4443,11
4444,17
4445,3
4446,6
4447,13
4448,4
4449,7
4450,13
4451,5
4452,5
4453,11
4454,11
4455,4
4456,0
4457,7
4458,15
4459,5
4460,13
4461,12
4462,1
4463,6
4464,10
4465,9
4466,13
4467,12
4468,1
4469,16
4470,3
4471,10
4472,11
4473,7
4474,0
4475,3
4476,6
4477,0
4478,18
4479,5
4480,16
4481,1
4482,1
4483,10
4484,10
4485,3
4486,18
4487,16
4488,13
4489,4
4490,4
4491,0
4492,18
4493,9
4494,0
4495,4
4496,0
4497,12
4498,11
4499,13
4500,10
4501,0
4502,5
4503,10
4504,7
4505,3
4506,12
4507,12
4508,18
4509,5
4510,4
4511,16
4512,0
4513,16
4514,4
4515,4
4516,6
4517,8
4518,17
4519,10
4520,3
4521,9
4522,0
4523,12
4524,0
4525,16
4526,10
4527,12
4528,13
4529,14
4530,5
4531,16
4532,1
4533,18
4534,14
4535,0
4536,17
4537,9
4538,12
4539,4
4540,3
4541,12
4542,12
4543,16
4544,9
4545,16
4546,6
4547,13
4548,18
4549,11
4550,16
4551,9
4552,10
4553,4
4554,9
4555,1
4556,0
4557,2
4558,12
4559,12
4560,3
4561,4
4562,1
4563,9
4564,1
4565,0
4566,14
4567,12
4568,6
4569,10
4570,16
4571,0
4572,1
4573,11
4574,16
4575,9
4576,2
4577,12
4578,1
4579,11
4580,4
4581,10
4582,1
4583,6
4584,0
4585,16
4586,0
4587,12
4588,2
4589,17
4590,10
4591,12
4592,17
4593,1
4594,1
4595,10
4596,10
4597,3
4598,6
4599,16
4600,0
4601,0
4602,1
4603,9
4604,7
4605,10
4606,1
4607,14
4608,5
4609,8
4610,0
4611,16
4612,7
4613,10
4614,7
4615,1
4616,5
4617,9
4618,10
4619,11
4620,1
4621,18
4622,14
4623,0
4624,2
4625,1
4626,12
4627,1
4628,2
4629,14
4630,10
4631,9
4632,12
4633,14
4634,2
4635,5
4636,3
4637,14
4638,18
4639,9
4640,7
4641,12
4642,1
4643,0
4644,5
4645,4
4646,6
4647,7
4648,13
4649,0
4650,5
4651,4
4652,7
4653,10
4654,7
4655,1
4656,4
4657,0
4658,2
4659,3
4660,12
4661,8
4662,18
4663,1
4664,9
4665,0
4666,13
4667,14
4668,12
4669,14
4670,16
4671,8
4672,12
4673,0
4674,12
4675,3
4676,16
4677,3
4678,4
4679,8
4680,12
4681,1
4682,2
4683,3
4684,6
4685,14
4686,1
4687,16
4688,18
4689,0
4690,14
4691,8
4692,10
4693,0
4694,10
4695,2
4696,14
4697,6
4698,1
4699,1
4700,11
4701,2
4702,9
4703,5
4704,4
4705,3
4706,4
4707,3
4708,17
4709,18
4710,1
4711,2
4712,9
4713,0
4714,17
4715,1
4716,16
4717,0
4718,16
4719,12
4720,0
4721,13
4722,9
4723,6
4724,3
4725,17
4726,3
4727,16
4728,14
4729,7
4730,1
4731,4
4732,1
4733,9
4734,12
4735,1
4736,10
4737,5
4738,18
4739,6
4740,0
4741,1
4742,16
4743,4
4744,9
4745,3
4746,4
4747,1
4748,16
4749,6
4750,0
4751,6
4752,1
4753,6
4754,5
4755,13
4756,1
4757,11
4758,15
4759,16
4760,0
4761,8
4762,0
4763,10
4764,4
4765,4
4766,16
4767,6
4768,16
4769,9
4770,11
4771,18
4772,5
4773,7
4774,0
4775,11
4776,16
4777,18
4778,5
4779,17
4780,14
4781,6
4782,1
4783,12
4784,10
4785,6
4786,5
4787,11
4788,7
4789,7
4790,11
4791,0
4792,9
4793,12
4794,6
4795,17
4796,16
4797,12
4798,1
4799,11
4800,7
4801,14
4802,13
4803,16
4804,7
4805,4
4806,0
4807,12
4808,1
4809,5
4810,9
4811,7
4812,18
4813,4
4814,1
4815,9
4816,0
4817,2
4818,10
4819,0
4820,7
4821,5
4822,6
4823,4
4824,17
4825,5
4826,2
4827,11
4828,0
4829,13
4830,16
4831,3
4832,0
4833,11
4834,3
4835,12
4836,6
4837,6
4838,9
4839,3
4840,5
4841,9
4842,12
4843,10
4844,12
4845,6
4846,0
4847,0
4848,16
4849,0
4850,13
4851,13
4852,0
4853,0
4854,13
4855,4
4856,4
4857,9
4858,1
4859,4
4860,0
4861,1
4862,14
4863,4
4864,1
4865,12
4866,1
4867,17
4868,5
4869,1
4870,0
4871,6
4872,7
4873,8
4874,11
4875,12
4876,0
4877,8
4878,4
4879,15
4880,1
4881,10
4882,1
4883,10
4884,0
4885,2
4886,3
4887,6
4888,5
4889,4
4890,5
4891,16
4892,14
4893,7
4894,4
4895,4
4896,0
4897,16
4898,17
4899,0
4900,9
4901,2
4902,12
4903,14
4904,12
4905,13
4906,2
4907,2
4908,6
4909,9
4910,8
4911,13
4912,7
4913,18
4914,18
4915,13
4916,15
4917,11
4918,15
4919,6
4920,0
4921,5
4922,1
4923,5
4924,6
4925,10
4926,3
4927,10
4928,1
4929,12
4930,9
4931,7
4932,9
4933,14
4934,18
4935,4
4936,0
4937,6
4938,3
4939,5
4940,12
4941,3
4942,12
4943,4
4944,7
4945,14
4946,6
4947,4
4948,13
4949,14
4950,0
4951,5
4952,0
4953,4
4954,16
4955,4
4956,12
4957,3
4958,13
4959,5
4960,6
4961,0
4962,5
4963,15
4964,10
4965,13
4966,7
4967,16
4968,10
4969,11
4970,4
4971,14
4972,12
4973,9
4974,4
4975,7
4976,8
4977,2
4978,15
4979,10
4980,2
4981,7
4982,4
4983,7
4984,2
4985,4
4986,4
4987,14
4988,4
4989,11
4990,16
4991,12
4992,1
4993,2
4994,2
4995,18
4996,13
4997,1
4998,10
4999,4
5000,0
5001,16
5002,11
5003,5
5004,16
5005,13
5006,14
5007,12
5008,11
5009,8
5010,17
5011,0
5012,0
5013,0
5014,1
5015,9
5016,12
5017,9
5018,0
5019,3
5020,0
5021,2
5022,5
5023,16
5024,0
5025,0
5026,9
5027,3
5028,10
5029,1
5030,2
5031,17
5032,15
5033,5
5034,18
5035,10
5036,14
5037,15
5038,10
5039,11
5040,3
5041,6
5042,10
5043,16
5044,4
5045,13
5046,4
5047,17
5048,0
5049,4
5050,0
5051,18
5052,16
5053,10
5054,8
5055,4
5056,6
5057,15
5058,14
5059,12
5060,0
5061,2
5062,11
5063,5
5064,10
5065,5
5066,18
5067,13
5068,11
5069,4
5070,5
5071,11
5072,0
5073,2
5074,12
5075,7
5076,17
5077,12
5078,2
5079,0
5080,12
5081,8
5082,12
5083,4
5084,7
5085,17
5086,16
5087,1
5088,17
5089,5
5090,10
5091,14
5092,16
5093,1
5094,12
5095,7
5096,17
5097,11
5098,12
5099,4
5100,3
5101,3
5102,14
5103,14
5104,10
5105,1
5106,12
5107,14
5108,9
5109,0
5110,4
5111,9
5112,0
5113,12
5114,5
5115,12
5116,11
5117,5
5118,1
5119,0
5120,18
5121,5
5122,2
5123,9
5124,1
5125,3
5126,1
5127,16
5128,8
5129,0
5130,9
5131,17
5132,12
5133,18
5134,0
5135,4
5136,3
5137,6
5138,14
5139,10
5140,5
5141,7
5142,4
5143,10
5144,2
5145,12
5146,10
5147,9
5148,4
5149,2
5150,4
5151,11
5152,4
5153,13
5154,1
5155,0
5156,6
5157,10
5158,0
5159,14
5160,14
5161,5
5162,4
5163,10
5164,3
5165,0
5166,0
5167,10
5168,9
5169,7
5170,13
5171,10
5172,11
5173,4
5174,9
5175,13
5176,14
5177,5
5178,5
5179,12
5180,14
5181,12
5182,0
5183,3
5184,12
5185,17
5186,8
5187,5
5188,11
5189,15
5190,3
5191,12
5192,12
5193,16
5194,13
5195,13
5196,13
5197,0
5198,14
5199,10
5200,7
5201,14
5202,12
5203,16
5204,4
5205,1
5206,1
5207,0
5208,4
5209,4
5210,12
5211,12
5212,0
5213,12
5214,18
5215,10
5216,16
5217,1
5218,9
5219,12
5220,13
5221,0
5222,2
5223,9
5224,4
5225,17
5226,10
5227,14
5228,18
5229,5
5230,15
5231,1
5232,6
5233,18
5234,17
5235,10
5236,3
5237,14
5238,14
5239,11
5240,5
5241,18
5242,9
5243,8
5244,7
5245,0
5246,13
5247,0
5248,12
5249,5
5250,8
5251,13
5252,3
5253,13
5254,13
5255,18
5256,9
5257,4
5258,18
5259,18
5260,10
5261,0
5262,0
5263,3
5264,9
5265,4
5266,17
5267,12
5268,8
5269,8
5270,12
5271,18
5272,6
5273,12
5274,9
5275,10
5276,14
5277,16
5278,5
5279,12
5280,10
5281,3
5282,9
5283,0
5284,12
5285,4
5286,1
5287,6
5288,4
5289,15
5290,17
5291,18
5292,5
5293,3
5294,7
5295,10
5296,6
5297,17
5298,1
5299,8
5300,17
5301,18
5302,18
5303,7
5304,3
5305,1
5306,4
5307,10
5308,0
5309,1
5310,1
5311,6
5312,0
5313,1
5314,11
5315,9
5316,1
5317,1
5318,4
5319,0
5320,1
5321,10
5322,16
5323,8
5324,0
5325,16
5326,15
5327,0
5328,13
5329,9
5330,10
5331,1
5332,6
5333,7
5334,4
5335,10
5336,9
5337,10
5338,13
5339,1
5340,0
5341,13
5342,7
5343,10
5344,3
5345,7
5346,7
5347,13
5348,0
5349,15
5350,8
5351,0
5352,11
5353,1
5354,10
5355,10
5356,0
5357,0
5358,16
5359,15
5360,0
5361,4
5362,10
5363,6
5364,0
5365,6
5366,0
5367,10
5368,0
5369,13
5370,13
5371,5
5372,12
5373,3
5374,4
5375,12
5376,13
5377,4
5378,11
5379,7
5380,0
5381,13
5382,4
5383,14
5384,1
5385,16
5386,16
5387,11
5388,8
5389,0
5390,16
5391,1
5392,9
5393,1
5394,12
5395,2
5396,3
5397,10
5398,6
5399,17
5400,14
5401,13
5402,16
5403,1
5404,5
5405,0
5406,10
5407,8
5408,2
5409,1
5410,2
5411,13
5412,5
5413,4
5414,3
5415,7
5416,1
5417,12
5418,4
5419,16
5420,12
5421,0
5422,5
5423,2
5424,6
5425,4
5426,6
5427,8
5428,9
5429,9
5430,0
5431,1
5432,16
5433,12
5434,5
5435,4
5436,14
5437,4
5438,12
5439,10
5440,18
5441,0
5442,4
5443,17
5444,15
5445,12
5446,0
5447,16
5448,12
5449,4
5450,8
5451,15
5452,5
5453,9
5454,4
5455,16
5456,12
5457,5
5458,14
5459,4
5460,1
5461,10
5462,1
5463,1
5464,8
5465,2
5466,4
5467,9
5468,9
5469,1
5470,9
5471,12
5472,6
5473,4
5474,12
5475,8
5476,4
5477,4
5478,5
5479,9
5480,2
5481,4
5482,12
5483,7
5484,12
5485,0
5486,7
5487,9
5488,6
5489,7
5490,10
5491,2
5492,13
5493,4
5494,4
5495,6
5496,3
5497,7
5498,4
5499,5
5500,11
5501,1
5502,7
5503,8
5504,4
5505,3
5506,3
5507,1
5508,18
5509,8
5510,8
5511,12
5512,3
5513,14
5514,14
5515,5
5516,17
5517,12
5518,7
5519,14
5520,5
5521,5
5522,16
5523,4
5524,1
5525,14
5526,1
5527,11
5528,6
5529,16
5530,0
5531,15
5532,9
5533,10
5534,14
5535,1
5536,10
5537,0
5538,16
5539,4
5540,3
5541,1
5542,4
5543,6
5544,0
5545,9
5546,14
5547,18
5548,6
5549,6
5550,17
5551,5
5552,17
5553,16
5554,7
5555,0
5556,1
5557,3
5558,4
5559,7
5560,9
5561,3
5562,6
5563,5
5564,0
5565,0
5566,3
5567,16
5568,0
5569,7
5570,18
5571,16
5572,11
5573,17
5574,16
5575,16
5576,6
5577,5
5578,0
5579,1
5580,10
5581,0
5582,10
5583,6
5584,10
5585,2
5586,6
5587,0
5588,3
5589,13
5590,10
5591,10
5592,10
5593,5
5594,8
5595,3
5596,12
5597,3
5598,7
5599,7
5600,12
5601,15
5602,4
5603,10
5604,8
5605,6
5606,9
5607,13
5608,11
5609,16
5610,4
5611,14
5612,6
5613,14
5614,6
5615,3
5616,16
5617,9
5618,7
5619,0
5620,1
5621,0
5622,13
5623,18
5624,4
5625,4
5626,0
5627,5
5628,1
5629,4
5630,7
5631,5
5632,6
5633,13
5634,0
5635,16
5636,8
5637,11
5638,5
5639,4
5640,7
5641,5
5642,5
5643,13
5644,5
5645,3
5646,2
5647,0
5648,4
5649,7
5650,12
5651,0
5652,4
5653,13
5654,7
5655,15
5656,13
5657,7
5658,14
5659,18
5660,12
5661,0
5662,3
5663,0
5664,0
5665,6
5666,7
5667,3
5668,10
5669,0
5670,0
5671,7
5672,12
5673,16
5674,13
5675,10
5676,9
5677,11
5678,1
5679,12
5680,5
5681,14
5682,6
5683,2
5684,6
5685,16
5686,15
5687,10
5688,16
5689,0
5690,7
5691,6
5692,1
5693,4
5694,16
5695,15
5696,3
5697,15
5698,0
5699,18
5700,15
5701,15
5702,8
5703,9
5704,0
5705,0
5706,2
5707,4
5708,12
5709,0
5710,3
5711,2
5712,12
5713,16
5714,4
5715,7
5716,18
5717,13
5718,11
5719,5
5720,10
5721,15
5722,10
5723,16
5724,14
5725,15
5726,16
5727,6
5728,9
5729,15
5730,2
5731,10
5732,12
5733,3
5734,9
5735,10
5736,9
5737,14
5738,9
5739,17
5740,4
5741,5
5742,4
5743,12
5744,2
5745,16
5746,0
5747,4
5748,12
5749,14
5750,16
5751,7
5752,4
5753,5
5754,1
5755,16
5756,10
5757,1
5758,14
5759,5
5760,7
5761,7
5762,12
5763,3
5764,10
5765,17
5766,0
5767,9
5768,17
5769,7
5770,1
5771,8
5772,1
5773,16
5774,17
5775,4
5776,16
5777,5
5778,12
5779,15
5780,5
5781,8
5782,5
5783,8
5784,7
5785,2
5786,0
5787,0
5788,0
5789,3
5790,17
5791,10
5792,16
5793,7
5794,6
5795,2
5796,6
5797,12
5798,13
5799,8
5800,5
5801,6
5802,2
5803,15
5804,8
5805,2
5806,15
5807,5
5808,0
5809,2
5810,11
5811,18
5812,14
5813,2
5814,3
5815,0
5816,3
5817,6
5818,0
5819,4
5820,12
5821,5
5822,0
5823,14
5824,2
5825,0
5826,0
5827,0
5828,0
5829,0
5830,1
5831,0
5832,8
5833,3
5834,6
5835,9
5836,13
5837,9
5838,0
5839,0
5840,7
5841,13
5842,16
5843,4
5844,2
5845,9
5846,4
5847,16
5848,6
5849,4
5850,16
5851,10
5852,7
5853,13
5854,0
5855,10
5856,16
5857,7
5858,5
5859,10
5860,5
5861,13
5862,0
5863,6
5864,4
5865,1
5866,8
5867,0
5868,7
5869,12
5870,4
5871,17
5872,7
5873,2
5874,5
5875,9
5876,6
5877,5
5878,3
5879,11
5880,1
5881,18
5882,2
5883,0
5884,5
5885,10
5886,5
5887,1
5888,12
5889,6
5890,8
5891,13
5892,10
5893,0
5894,12
5895,5
5896,12
5897,11
5898,10
5899,1
5900,6
5901,13
5902,13
5903,3
5904,16
5905,5
5906,17
5907,14
5908,3
5909,4
5910,9
5911,8
5912,14
5913,7
5914,3
5915,6
5916,10
5917,1
5918,4
5919,0
5920,16
5921,0
5922,3
5923,2
5924,7
5925,7
5926,7
5927,11
5928,0
5929,6
5930,8
5931,9
5932,5
5933,10
5934,4
5935,10
5936,18
5937,10
5938,10
5939,14
5940,12
5941,6
5942,0
5943,4
5944,12
5945,9
5946,17
5947,6
5948,9
5949,17
5950,12
5951,1
5952,10
5953,0
5954,4
5955,6
5956,17
5957,16
5958,6
5959,11
5960,13
5961,3
5962,9
5963,10
5964,3
5965,1
5966,11
5967,9
5968,5
5969,5
5970,9
5971,1
5972,4
5973,3
5974,0
5975,0
5976,16
5977,12
5978,6
5979,13
5980,4
5981,12
5982,5
5983,4
5984,14
5985,2
5986,12
5987,7
5988,18
5989,5
5990,5
5991,16
5992,1
5993,7
5994,1
5995,0
5996,14
5997,2
5998,0
5999,10
6000,1
6001,18
6002,0
6003,4
6004,1
6005,14
6006,10
6007,5
6008,7
6009,18
6010,4
6011,16
6012,16
6013,16
6014,0
6015,8
6016,1
6017,11
6018,4
6019,16
6020,0
6021,7
6022,0
6023,2
6024,18
6025,1
6026,3
6027,0
6028,8
6029,13
6030,12
6031,12
6032,1
6033,14
6034,8
6035,12
6036,5
6037,7
6038,16
6039,1
6040,13
6041,0
6042,18
6043,5
6044,9
6045,1
6046,7
6047,13
6048,10
6049,4
6050,13
6051,15
6052,2
6053,6
6054,10
6055,12
6056,13
6057,18
6058,5
6059,10
6060,13
6061,11
6062,13
6063,4
6064,8
6065,0
6066,11
6067,7
6068,2
6069,2
6070,3
6071,0
6072,8
6073,12
6074,15
6075,13
6076,7
6077,13
6078,1
6079,6
6080,2
6081,2
6082,13
6083,5
6084,12
6085,1
6086,9
6087,12
6088,17
6089,2
6090,7
6091,8
6092,16
6093,0
6094,2
6095,12
6096,0
6097,7
6098,10
6099,13
6100,4
6101,0
6102,5
6103,4
6104,0
6105,0
6106,7
6107,0
6108,3
6109,2
6110,1
6111,3
6112,10
6113,7
6114,0
6115,1
6116,6
6117,13
6118,13
6119,5
6120,5
6121,9
6122,18
6123,13
6124,4
6125,5
6126,15
6127,4
6128,5
6129,1
6130,13
6131,13
6132,6
6133,10
6134,13
6135,7
6136,8
6137,12
6138,0
6139,16
6140,10
6141,11
6142,0
6143,13
6144,4
6145,0
6146,6
6147,10
6148,1
6149,14
6150,13
6151,0
6152,0
6153,13
6154,1
6155,4
6156,12
6157,4
6158,4
6159,14
6160,8
6161,7
6162,10
6163,7
6164,12
6165,1
6166,4
6167,17
6168,7
6169,6
6170,18
6171,0
6172,5
6173,17
6174,6
6175,7
6176,0
6177,13
6178,5
6179,1
6180,16
6181,7
6182,17
6183,12
6184,18
6185,17
6186,2
6187,16
6188,0
6189,4
6190,9
6191,8
6192,6
6193,0
6194,11
6195,2
6196,14
6197,1
6198,17
6199,1
6200,1
6201,0
6202,12
6203,9
6204,0
6205,5
6206,14
6207,0
6208,11
6209,0
6210,4
6211,16
6212,16
6213,13
6214,4
6215,2
6216,4
6217,1
6218,9
6219,16
6220,16
6221,9
6222,15
6223,15
6224,13
6225,4
6226,8
6227,4
6228,12
6229,17
6230,6
6231,16
6232,0
6233,13
6234,0
6235,14
6236,18
6237,11
6238,1
6239,16
6240,3
6241,7
6242,0
6243,5
6244,5
6245,6
6246,12
6247,4
6248,16
6249,4
6250,0
6251,6
6252,1
6253,4
6254,13
6255,14
6256,14
6257,6
6258,1
6259,12
6260,11
6261,1
6262,8
6263,9
6264,16
6265,13
6266,6
6267,8
6268,15
6269,11
6270,14
6271,14
6272,7
6273,12
6274,11
6275,9
6276,15
6277,6
6278,3
6279,2
6280,4
6281,9
6282,0
6283,0
6284,0
6285,12
6286,16
6287,0
6288,6
6289,3
6290,18
6291,9
6292,6
6293,6
6294,13
6295,10
6296,7
6297,0
6298,17
6299,1
6300,5
6301,17
6302,16
6303,1
6304,18
6305,12
6306,4
6307,4
6308,3
6309,4
6310,4
6311,0
6312,16
6313,13
6314,7
6315,14
6316,1
6317,9
6318,9
6319,10
6320,11
6321,6
6322,0
6323,10
6324,9
6325,15
6326,2
6327,4
6328,9
6329,10
6330,4
6331,13
6332,4
6333,0
6334,8
6335,16
6336,0
6337,7
6338,1
6339,0
6340,11
6341,16
6342,1
6343,6
6344,14
6345,3
6346,13
6347,12
6348,16
6349,5
6350,8
6351,5
6352,0
6353,18
6354,14
6355,1
6356,17
6357,10
6358,10
6359,18
6360,7
6361,10
6362,12
6363,1
6364,16
6365,5
6366,17
6367,11
6368,0
6369,1
6370,4
6371,3
6372,18
6373,4
6374,9
6375,17
6376,16
6377,15
6378,5
6379,12
6380,1
6381,4
6382,18
6383,0
6384,9
6385,3
6386,11
6387,1
6388,7
6389,4
6390,4
6391,13
6392,18
6393,2
6394,4
6395,3
6396,7
6397,16
6398,3
6399,4
6400,12
6401,7
6402,3
6403,16
6404,10
6405,6
6406,2
6407,0
6408,15
6409,10
6410,10
6411,10
6412,1
6413,1
6414,2
6415,3
6416,0
6417,17
6418,1
6419,12
6420,16
6421,10
6422,14
6423,3
6424,4
6425,2
6426,12
6427,6
6428,3
6429,12
6430,10
6431,13
6432,1
6433,4
6434,7
6435,4
6436,11
6437,0
6438,3
6439,7
6440,5
6441,3
6442,12
6443,4
6444,2
6445,4
6446,15
6447,0
6448,10
6449,17
6450,0
6451,3
6452,6
6453,13
6454,12
6455,4
6456,10
6457,4
6458,15
6459,14
6460,11
6461,4
6462,4
6463,4
6464,0
6465,10
6466,1
6467,11
6468,16
6469,0
6470,0
6471,6
6472,4
6473,4
6474,16
6475,4
6476,3
6477,2
6478,12
6479,0
6480,17
6481,13
6482,4
6483,3
6484,10
6485,6
6486,2
6487,6
6488,3
6489,4
6490,13
6491,15
6492,9
6493,12
6494,15
6495,1
6496,12
6497,4
6498,12
6499,4
6500,2
6501,16
6502,1
6503,1
6504,5
6505,9
6506,12
6507,5
6508,17
6509,10
6510,10
6511,10
6512,11
6513,6
6514,4
6515,4
6516,10
6517,3
6518,1
6519,18
6520,12
6521,10
6522,1
6523,15
6524,8
6525,15
6526,16
6527,8
6528,2
6529,7
6530,17
6531,0
6532,13
6533,8
6534,0
6535,13
6536,17
6537,3
6538,12
6539,3
6540,8
6541,2
6542,18
6543,10
6544,4
6545,8
6546,16
6547,3
6548,4
6549,12
6550,13
6551,12
6552,3
6553,10
6554,1
6555,15
6556,3
6557,10
6558,16
6559,18
6560,16
6561,0
6562,9
6563,8
6564,12
6565,13
6566,10
6567,16
6568,1
6569,6
6570,9
6571,0
6572,1
6573,1
6574,12
6575,4
6576,0
6577,7
6578,12
6579,5
6580,4
6581,7
6582,11
6583,2
6584,13
6585,5
6586,9
6587,1
6588,2
6589,16
6590,4
6591,6
6592,14
6593,6
6594,18
6595,11
6596,4
6597,12
6598,0
6599,18
6600,4
6601,1
6602,0
6603,12
6604,18
6605,14
6606,12
6607,5
6608,13
6609,2
6610,4
6611,14
6612,10
6613,9
6614,3
6615,12
6616,4
6617,12
6618,10
6619,13
6620,7
6621,6
6622,9
6623,16
6624,9
6625,14
6626,15
6627,1
6628,14
6629,12
6630,0
6631,0
6632,11
6633,7
6634,15
6635,10
6636,3
6637,3
6638,3
6639,7
6640,12
6641,13
6642,1
6643,16
6644,3
6645,2
6646,0
6647,4
6648,16
6649,11
6650,4
6651,9
6652,13
6653,15
6654,0
6655,13
6656,4
6657,7
6658,3
6659,4
6660,8
6661,12
6662,16
6663,1
6664,0
6665,1
6666,9
6667,16
6668,7
6669,2
6670,18
6671,7
6672,10
6673,15
6674,2
6675,9
6676,0
6677,4
6678,10
6679,17
6680,2
6681,0
6682,9
6683,10
6684,16
6685,0
6686,10
6687,18
6688,14
6689,0
6690,8
6691,9
6692,3
6693,17
6694,4
6695,0
6696,4
6697,12
6698,1
6699,3
6700,7
6701,12
6702,4
6703,7
6704,6
6705,9
6706,4
6707,4
6708,12
6709,17
6710,7
6711,12
6712,4
6713,0
6714,5
6715,18
6716,2
6717,4
6718,14
6719,14
6720,0
6721,4
6722,16
6723,5
6724,11
6725,0
6726,9
6727,16
6728,4
6729,4
6730,16
6731,12
6732,2
6733,0
6734,3
6735,2
6736,13
6737,13
6738,4
6739,5
6740,8
6741,12
6742,13
6743,13
6744,5
6745,3
6746,2
6747,10
6748,0
6749,1
6750,0
6751,0
6752,15
6753,16
6754,10
6755,1
6756,9
6757,18
6758,8
6759,5
6760,10
6761,13
6762,17
6763,13
6764,10
6765,11
6766,6
6767,4
6768,11
6769,14
6770,10
6771,15
6772,10
6773,5
6774,3
6775,1
6776,4
6777,16
6778,6
6779,10
6780,12
6781,11
6782,1
6783,13
6784,6
6785,3
6786,5
6787,6
6788,9
6789,3
6790,15
6791,4
6792,7
6793,4
6794,1
6795,14
6796,5
6797,8
6798,17
6799,1
6800,10
6801,16
6802,14
6803,2
6804,1
6805,6
6806,17
6807,4
6808,2
6809,15
6810,9
6811,4
6812,5
6813,5
6814,10
6815,0
6816,4
6817,3
6818,1
6819,17
6820,13
6821,10
6822,10
6823,0
6824,5
6825,10
6826,0
6827,10
6828,1
6829,0
6830,1
6831,6
6832,12
6833,1
6834,12
6835,11
6836,5
6837,0
6838,4
6839,6
6840,0
6841,12
6842,4
6843,16
6844,12
6845,12
6846,4
6847,13
6848,1
6849,15
6850,16
6851,8
6852,13
6853,1
6854,0
6855,0
6856,7
6857,7
6858,4
6859,10
6860,18
6861,16
6862,0
6863,12
6864,12
6865,16
6866,0
6867,0
6868,1
6869,1
6870,3
6871,17
6872,18
6873,1
6874,8
6875,0
6876,4
6877,17
6878,9
6879,2
6880,0
6881,15
6882,17
6883,9
6884,11
6885,6
6886,16
6887,14
6888,9
6889,13
6890,17
6891,1
6892,6
6893,10
6894,16
6895,11
6896,12
6897,2
6898,0
6899,11
6900,1
6901,6
6902,3
6903,17
6904,4
6905,2
6906,8
6907,1
6908,6
6909,0
6910,4
6911,14
6912,12
6913,16
6914,6
6915,13
6916,2
6917,11
6918,10
6919,9
6920,6
6921,0
6922,3
6923,4
6924,18
6925,14
6926,0
6927,11
6928,14
6929,1
6930,1
6931,10
6932,0
6933,8
6934,12
6935,18
6936,3
6937,9
6938,0
6939,4
6940,11
6941,2
6942,12
6943,0
6944,14
6945,10
6946,10
6947,0
6948,8
6949,10
6950,3
6951,12
6952,13
6953,10
6954,0
6955,10
6956,5
6957,14
6958,7
6959,4
6960,3
6961,0
6962,12
6963,11
6964,18
6965,3
6966,5
6967,8
6968,16
6969,4
6970,12
6971,5
6972,15
6973,9
6974,10
6975,6
6976,4
6977,12
6978,13
6979,4
6980,9
6981,7
6982,0
6983,9
6984,2
6985,15
6986,8
6987,9
6988,12
6989,8
6990,13
6991,12
6992,11
6993,5
6994,1
6995,4
6996,0
6997,5
6998,0
6999,15
7000,3
7001,16
7002,16
7003,9
7004,4
7005,13
7006,8
7007,8
7008,13
7009,15
7010,0
7011,3
7012,18
7013,15
7014,13
7015,0
7016,0
7017,9
7018,4
7019,12
7020,0
7021,7
7022,12
7023,2
7024,5
7025,13
7026,11
7027,1
7028,9
7029,5
7030,12
7031,3
7032,14
7033,10
7034,16
7035,2
7036,4
7037,17
7038,6
7039,0
7040,0
7041,2
7042,8
7043,1
7044,2
7045,13
7046,0
7047,10
7048,18
7049,14
7050,0
7051,10
7052,0
7053,3
7054,5
7055,0
7056,8
7057,16
7058,17
7059,13
7060,10
7061,17
7062,5
7063,16
7064,9
7065,4
7066,18
7067,14
7068,13
7069,3
7070,1
7071,13
7072,10
7073,0
7074,13
7075,7
7076,4
7077,1
7078,12
7079,10
7080,0
7081,17
7082,12
7083,12
7084,9
7085,0
7086,0
7087,2
7088,16
7089,3
7090,0
7091,1
7092,12
7093,11
7094,14
7095,5
7096,16
7097,0
7098,1
7099,0
7100,0
7101,7
7102,9
7103,0
7104,6
7105,9
7106,18
7107,7
7108,0
7109,5
7110,16
7111,16
7112,13
7113,4
7114,10
7115,13
7116,0
7117,7
7118,8
7119,15
7120,16
7121,1
7122,17
7123,16
7124,3
7125,12
7126,9
7127,5
7128,0
7129,4
7130,5
7131,13
7132,0
7133,1
7134,10
7135,5
7136,0
7137,9
7138,6
7139,2
7140,0
7141,8
7142,17
7143,14
7144,10
7145,12
7146,7
7147,9
7148,3
7149,5
7150,12
7151,1
7152,13
7153,0
7154,8
7155,9
7156,5
7157,16
7158,9
7159,5
7160,12
7161,3
7162,6
7163,4
7164,1
7165,10
7166,16
7167,2
7168,17
7169,5
7170,18
7171,8
7172,11
7173,16
7174,0
7175,5
7176,17
7177,0
7178,4
7179,1
7180,2
7181,16
7182,13
7183,8
7184,8
7185,1
7186,12
7187,0
7188,6
7189,11
7190,1
7191,5
7192,4
7193,4
7194,14
7195,6
7196,8
7197,13
7198,0
7199,3
7200,10
7201,12
7202,17
7203,12
7204,2
7205,10
7206,14
7207,12
7208,10
7209,7
7210,14
7211,6
7212,17
7213,3
7214,0
7215,1
7216,3
7217,11
7218,8
7219,4
7220,4
7221,1
7222,4
7223,6
7224,4
7225,6
7226,8
7227,7
7228,0
7229,10
7230,13
7231,5
7232,3
7233,14
7234,0
7235,13
7236,16
7237,6
7238,0
7239,14
7240,14
7241,7
7242,9
7243,6
7244,8
7245,8
7246,7
7247,7
7248,6
7249,0
7250,12
7251,13
7252,5
7253,13
7254,14
7255,8
7256,2
7257,16
7258,14
7259,0
7260,0
7261,7
7262,7
7263,16
7264,11
7265,3
7266,2
7267,3
7268,8
7269,0
7270,14
7271,4
7272,1
7273,15
7274,14
7275,8
7276,0
7277,7
7278,1
7279,7
7280,13
7281,6
7282,11
7283,14
7284,0
7285,18
7286,14
7287,10
7288,10
7289,12
7290,5
7291,7
7292,5
7293,0
7294,18
7295,12
7296,14
7297,9
7298,5
7299,0
7300,12
7301,4
7302,6
7303,12
7304,2
7305,0
7306,15
7307,6
7308,2
7309,4
7310,0
7311,15
7312,16
7313,0
7314,6
7315,14
7316,14
7317,9
7318,3
7319,6
7320,0
7321,9
7322,12
7323,5
7324,0
7325,10
7326,10
7327,4
7328,13
7329,12
7330,12
7331,18
7332,0
7333,16
7334,4
7335,6
7336,9
7337,18
7338,1
7339,7
7340,7
7341,10
7342,8
7343,12
7344,16
7345,2
7346,3
7347,10
7348,6
7349,0
7350,17
7351,14
7352,15
7353,12
7354,9
7355,8
7356,13
7357,4
7358,0
7359,7
7360,5
7361,9
7362,16
7363,8
7364,12
7365,3
7366,5
7367,11
7368,12
7369,7
7370,14
7371,8
7372,11
7373,9
7374,15
7375,11
7376,16
7377,3
7378,10
7379,3
7380,7
7381,3
7382,4
7383,3
7384,12
7385,6
7386,2
7387,11
7388,12
7389,8
7390,7
7391,16
7392,3
7393,12
7394,0
7395,0
7396,12
7397,3
7398,4
7399,16
7400,14
7401,8
7402,4
7403,0
7404,14
7405,4
7406,5
7407,6
7408,0
7409,0
7410,3
7411,16
7412,1
7413,1
7414,14
7415,14
7416,0
7417,12
7418,7
7419,9
7420,10
7421,18
7422,7
7423,12
7424,0
7425,18
7426,4
7427,3
7428,9
7429,16
7430,11
7431,13
7432,5
7433,2
7434,0
7435,9
7436,1
7437,0
7438,8
7439,3
7440,7
7441,1
7442,11
7443,6
7444,12
7445,18
7446,0
7447,4
7448,11
7449,8
7450,10
7451,2
7452,8
7453,17
7454,3
7455,12
7456,1
7457,3
7458,5
7459,6
7460,5
7461,0
7462,1
7463,1
7464,18
7465,3
7466,10
7467,16
7468,12
7469,16
7470,3
7471,1
7472,1
7473,2
7474,13
7475,17
7476,18
7477,6
7478,16
7479,0
7480,13
7481,15
7482,12
7483,12
7484,4
7485,2
7486,12
7487,15
7488,4
7489,4
7490,10
7491,0
7492,1
7493,9
7494,16
7495,0
7496,5
7497,0
7498,12
7499,11
